regulation,course_code,subject_title,semester,program_course,specialization,l,t,p,c,flag,source_file
2024,ULT24AE1J,Tamil – I,1,BA,English,2,0,2,3,,2024 BA ENGLISH FINAL.pdf
2024,ULH24AE1J,Hindi – I,1,BA,English,,,,,ltpc_shared_with_group,2024 BA ENGLISH FINAL.pdf
2024,ULF24AE1J,French – I,1,BA,English,,,,,ltpc_shared_with_group,2024 BA ENGLISH FINAL.pdf
2024,ULE24AE1J,English,1,BA,English,2,0,2,3,,2024 BA ENGLISH FINAL.pdf
2024,UEN24101J,European Classical Literature,1,BA,English,2,0,4,4,,2024 BA ENGLISH FINAL.pdf
2024,UEN24102T,British Literature,1,BA,English,4,0,0,4,,2024 BA ENGLISH FINAL.pdf
2024,UEN24103J,Literary Criticism from Plato to Modernism,1,BA,English,2,0,4,4,,2024 BA ENGLISH FINAL.pdf
2024,UCD24S01J,Verbal Ability and Skill Development,1,BA,English,1,0,2,2,,2024 BA ENGLISH FINAL.pdf
2024,ULT24AE2J,Tamil – II,2,BA,English,2,0,2,3,,2024 BA ENGLISH FINAL.pdf
2024,ULH24AE2J,Hindi – II,2,BA,English,,,,,ltpc_shared_with_group,2024 BA ENGLISH FINAL.pdf
2024,ULF24AE2J,French – II,2,BA,English,,,,,ltpc_shared_with_group,2024 BA ENGLISH FINAL.pdf
2024,UEN24201T,Romantic to Victorian Literature,2,BA,English,4,0,0,4,,2024 BA ENGLISH FINAL.pdf
2024,UEN24202J,Literary Forms,2,BA,English,2,0,4,4,,2024 BA ENGLISH FINAL.pdf
2024,UEN24D01J,Shakespearean Theatre Studies,2,BA,English,2,0,4,4,,2024 BA ENGLISH FINAL.pdf
2024,UEN24D02J,Asian Literature,2,BA,English,,,,,ltpc_shared_with_group,2024 BA ENGLISH FINAL.pdf
2024,UCD24V01T,Essentials of Artificial Intelligence,2,BA,English,1,0,0,1,,2024 BA ENGLISH FINAL.pdf
2024,,Multidisciplinary Course – I,2,BA,English,,,,3,no_code_placeholder,2024 BA ENGLISH FINAL.pdf
2024,UCD24S02L,Quantitative Aptitude and Logical Reasoning,2,BA,English,0,0,2,1,,2024 BA ENGLISH FINAL.pdf
2024,UNS24Y01L,NSS,2,BA,English,0,0,0,0,,2024 BA ENGLISH FINAL.pdf
2024,UNC24Y01L,NCC,2,BA,English,,,,,ltpc_shared_with_group,2024 BA ENGLISH FINAL.pdf
2024,UNO24Y01L,NSO,2,BA,English,,,,,ltpc_shared_with_group,2024 BA ENGLISH FINAL.pdf
2024,UYG24Y01L,YOGA,2,BA,English,,,,,ltpc_shared_with_group,2024 BA ENGLISH FINAL.pdf
2024,UEN24301T,American Literature,3,BA,English,4,0,0,4,,2024 BA ENGLISH FINAL.pdf
2024,UEN24D03J,Professional English,3,BA,English,3,0,2,4,,2024 BA ENGLISH FINAL.pdf
2024,UEN24D04J,"Grammar, Usage and Writing",3,BA,English,,,,,ltpc_shared_with_group,2024 BA ENGLISH FINAL.pdf
2024,UEN24D05J,Introduction to Gender Studies,3,BA,English,3,0,2,4,,2024 BA ENGLISH FINAL.pdf
2024,UEN24D06J,Introduction to Translation Studies,3,BA,English,,,,,ltpc_shared_with_group,2024 BA ENGLISH FINAL.pdf
2024,,Elective Course (MINOR) – I,3,BA,English,,,,4,no_code_placeholder,2024 BA ENGLISH FINAL.pdf
2024,UEN24P01L,Internship – I,3,BA,English,0,0,0,1,,2024 BA ENGLISH FINAL.pdf
2024,,Multidisciplinary Course – II,3,BA,English,2,0,2,3,no_code_placeholder,2024 BA ENGLISH FINAL.pdf
2024,UEN24401J,Introduction to Linguistics,4,BA,English,3,0,2,4,,2024 BA ENGLISH FINAL.pdf
2024,UEN24D07J,Literary Narrative Techniques,4,BA,English,3,0,2,4,,2024 BA ENGLISH FINAL.pdf
2024,UEN24D08J,"Modern, Postmodern and Contemporary Literature",4,BA,English,,,,,ltpc_shared_with_group,2024 BA ENGLISH FINAL.pdf
2024,,Elective Course (MINOR) – II,4,BA,English,,,,4,no_code_placeholder,2024 BA ENGLISH FINAL.pdf
2024,,Elective Course (MINOR) – III,4,BA,English,,,,4,no_code_placeholder,2024 BA ENGLISH FINAL.pdf
2024,UEN24S01L,Communication Skills,4,BA,English,0,0,4,2,,2024 BA ENGLISH FINAL.pdf
2024,UCD24S03J,Industry Oriented Employability and Leadership Skills,4,BA,English,1,0,2,2,,2024 BA ENGLISH FINAL.pdf
2024,UMI24Y01L,My India Project,4,BA,English,0,0,0,0,,2024 BA ENGLISH FINAL.pdf
2024,UEN24501J,Contemporary Literary and Cultural Theory,5,BA,English,3,0,2,4,,2024 BA ENGLISH FINAL.pdf
2024,UEN24D09J,"Men, Masculinity and Gender Studies",5,BA,English,3,0,2,4,,2024 BA ENGLISH FINAL.pdf
2024,UEN24D10J,Comparative Literature,5,BA,English,,,,,ltpc_shared_with_group,2024 BA ENGLISH FINAL.pdf
2024,,Elective Course (MINOR) – IV,5,BA,English,,,,4,no_code_placeholder,2024 BA ENGLISH FINAL.pdf
2024,,Multidisciplinary Course – III,5,BA,English,,,,3,no_code_placeholder,2024 BA ENGLISH FINAL.pdf
2024,UES24V01T,Environmental Studies,5,BA,English,2,0,0,2,,2024 BA ENGLISH FINAL.pdf
2024,UCD24S04J,Career Readiness and Professional Skills,5,BA,English,1,0,2,2,,2024 BA ENGLISH FINAL.pdf
2024,UEN24P02L,Internship – II,5,BA,English,0,0,0,1,,2024 BA ENGLISH FINAL.pdf
2024,UEN24601T,Indian Literature,6,BA,English,4,0,0,4,,2024 BA ENGLISH FINAL.pdf
2024,UEN24D11J,Cartoon Strips and Graphic Novels,6,BA,English,3,0,2,4,,2024 BA ENGLISH FINAL.pdf
2024,UEN24D12J,English Language Teaching,6,BA,English,,,,,ltpc_shared_with_group,2024 BA ENGLISH FINAL.pdf
2024,,Elective Course (MINOR) – V,6,BA,English,,,,4,no_code_placeholder,2024 BA ENGLISH FINAL.pdf
2024,,Elective Course (MINOR) – VI,6,BA,English,,,,4,no_code_placeholder,2024 BA ENGLISH FINAL.pdf
2024,UEN24P03L,Project Work,6,BA,English,0,0,4,2,,2024 BA ENGLISH FINAL.pdf
2024,UCD24V02T,Universal Human Values,6,BA,English,2,0,0,2,,2024 BA ENGLISH FINAL.pdf
2024,UEN24701T,Postcolonial and New Writings,7,BA,English,4,0,0,4,,2024 BA ENGLISH FINAL.pdf
2024,UEN24D13J,Tribal Studies,7,BA,English,3,0,2,4,,2024 BA ENGLISH FINAL.pdf
2024,UEN24D14J,Post - Truth and Posthumanism,7,BA,English,,,,,ltpc_shared_with_group,2024 BA ENGLISH FINAL.pdf
2024,UEN24D15J,Research Methodology for Language and Literature,7,BA,English,3,0,2,4,,2024 BA ENGLISH FINAL.pdf
2024,UEN24D16J,Classics in Translation,7,BA,English,,,,,ltpc_shared_with_group,2024 BA ENGLISH FINAL.pdf
2024,,Elective Course (MINOR) – VII,7,BA,English,,,,4,no_code_placeholder,2024 BA ENGLISH FINAL.pdf
2024,,Elective Course (MINOR) – VIII,7,BA,English,,,,4,no_code_placeholder,2024 BA ENGLISH FINAL.pdf
2024,UEN24D17J,Trauma Literature,8,BA,English,3,0,2,4,,2024 BA ENGLISH FINAL.pdf
2024,UEN24D18J,Folklores and Mythologies across Cultures,8,BA,English,,,,,ltpc_shared_with_group,2024 BA ENGLISH FINAL.pdf
2024,UEN24D19J,Writings from Margins,8,BA,English,3,0,2,4,,2024 BA ENGLISH FINAL.pdf
2024,UEN24D20J,Women Studies,8,BA,English,,,,,ltpc_shared_with_group,2024 BA ENGLISH FINAL.pdf
2024,UEN24P04L,Research Project and Dissertation,8,BA,English,0,0,24,12,,2024 BA ENGLISH FINAL.pdf
2024,UEN24P05L,Professional Internship,8,BA,English,,,,,ltpc_shared_with_group,2024 BA ENGLISH FINAL.pdf
2024,ULT24AE1J,Tamil - I,1,BA,Journalism and Mass Communication,2,0,2,3,,2024 BA JMC FINAL.pdf
2024,ULH24AE1J,Hindi - I,1,BA,Journalism and Mass Communication,,,,,ltpc_shared_with_group,2024 BA JMC FINAL.pdf
2024,ULF24AE1J,French - I,1,BA,Journalism and Mass Communication,,,,,ltpc_shared_with_group,2024 BA JMC FINAL.pdf
2024,ULE24AE1J,English,1,BA,Journalism and Mass Communication,2,0,2,3,,2024 BA JMC FINAL.pdf
2024,UJM24101J,Basics of Print Journalism,1,BA,Journalism and Mass Communication,2,0,4,4,,2024 BA JMC FINAL.pdf
2024,UJM24102T,Communication Theories,1,BA,Journalism and Mass Communication,4,0,0,4,,2024 BA JMC FINAL.pdf
2024,UJM24103L,Essentials of Reporting and News Writing,1,BA,Journalism and Mass Communication,0,0,8,4,,2024 BA JMC FINAL.pdf
2024,UCD24S01J,Verbal Ability and Skill Development,1,BA,Journalism and Mass Communication,1,0,2,2,,2024 BA JMC FINAL.pdf
2024,ULT24AE2J,Tamil - II,2,BA,Journalism and Mass Communication,2,0,2,3,,2024 BA JMC FINAL.pdf
2024,ULH24AE2J,Hindi - II,2,BA,Journalism and Mass Communication,,,,,ltpc_shared_with_group,2024 BA JMC FINAL.pdf
2024,ULF24AE2J,French - II,2,BA,Journalism and Mass Communication,,,,,ltpc_shared_with_group,2024 BA JMC FINAL.pdf
2024,UJM24201T,Indian Constitution and Media Laws,2,BA,Journalism and Mass Communication,4,0,0,4,,2024 BA JMC FINAL.pdf
2024,UJM24202J,Integrated Marketing Communication,2,BA,Journalism and Mass Communication,2,0,3,4,,2024 BA JMC FINAL.pdf
2024,UJM24203L,Radio Production,2,BA,Journalism and Mass Communication,0,0,8,4,,2024 BA JMC FINAL.pdf
2024,UCD24V01T,Essentials of Artificial Intelligence,2,BA,Journalism and Mass Communication,1,0,0,1,,2024 BA JMC FINAL.pdf
2024,,Multidisciplinary Elective - I,2,BA,Journalism and Mass Communication,,,,3,no_code_placeholder,2024 BA JMC FINAL.pdf
2024,UCD24S02L,Quantitative Aptitude and Logical Reasoning,2,BA,Journalism and Mass Communication,0,0,2,1,,2024 BA JMC FINAL.pdf
2024,UNS24Y01L,NSS,2,BA,Journalism and Mass Communication,0,0,0,0,,2024 BA JMC FINAL.pdf
2024,UNC24Y01L,NCC,2,BA,Journalism and Mass Communication,,,,,ltpc_shared_with_group,2024 BA JMC FINAL.pdf
2024,UNO24Y01L,NSO,2,BA,Journalism and Mass Communication,,,,,ltpc_shared_with_group,2024 BA JMC FINAL.pdf
2024,UYG24Y01L,YOGA,2,BA,Journalism and Mass Communication,,,,,ltpc_shared_with_group,2024 BA JMC FINAL.pdf
2024,UJM24301J,Film and Culture Studies,3,BA,Journalism and Mass Communication,2,0,4,4,,2024 BA JMC FINAL.pdf
2024,UJM24302T,Media and Society,3,BA,Journalism and Mass Communication,4,0,0,4,,2024 BA JMC FINAL.pdf
2024,UJM24303L,Graphic Designing and Lab Journal,3,BA,Journalism and Mass Communication,0,0,8,4,,2024 BA JMC FINAL.pdf
2024,,Minor Elective - I,3,BA,Journalism and Mass Communication,,,,4,no_code_placeholder,2024 BA JMC FINAL.pdf
2024,UJM24P01L,Internship - I,3,BA,Journalism and Mass Communication,0,0,0,1,,2024 BA JMC FINAL.pdf
2024,,Multidisciplinary Elective - II,3,BA,Journalism and Mass Communication,,,,3,no_code_placeholder,2024 BA JMC FINAL.pdf
2024,UJM24401T,Development Journalism,4,BA,Journalism and Mass Communication,4,0,0,4,,2024 BA JMC FINAL.pdf
2024,UJM24D01J,Advertising and Public Relations,4,BA,Journalism and Mass Communication,2,0,4,4,,2024 BA JMC FINAL.pdf
2024,UJM24D02J,Strategic Communication,4,BA,Journalism and Mass Communication,,,,,ltpc_shared_with_group,2024 BA JMC FINAL.pdf
2024,,Minor Elective - II,4,BA,Journalism and Mass Communication,,,,4,no_code_placeholder,2024 BA JMC FINAL.pdf
2024,,Minor Elective - III,4,BA,Journalism and Mass Communication,,,,4,no_code_placeholder,2024 BA JMC FINAL.pdf
2024,UEN24S01L,Communication Skills,4,BA,Journalism and Mass Communication,0,0,4,2,,2024 BA JMC FINAL.pdf
2024,UCD24S03J,Industry Oriented Employability and Leadership Skills,4,BA,Journalism and Mass Communication,1,0,2,2,,2024 BA JMC FINAL.pdf
2024,UMI24Y01L,My India Project,4,BA,Journalism and Mass Communication,0,0,0,0,,2024 BA JMC FINAL.pdf
2024,UJM24D03T,New Media Studies,5,BA,Journalism and Mass Communication,3,1,0,4,,2024 BA JMC FINAL.pdf
2024,UJM24D04T,Convergence in Media,5,BA,Journalism and Mass Communication,,,,,ltpc_shared_with_group,2024 BA JMC FINAL.pdf
2024,UJM24D05L,Event Management,5,BA,Journalism and Mass Communication,0,0,8,4,,2024 BA JMC FINAL.pdf
2024,UJM24D06L,Strategic Event Planning,5,BA,Journalism and Mass Communication,,,,,ltpc_shared_with_group,2024 BA JMC FINAL.pdf
2024,,Minor Elective - IV,5,BA,Journalism and Mass Communication,,,,4,no_code_placeholder,2024 BA JMC FINAL.pdf
2024,,Multidisciplinary Elective - III,5,BA,Journalism and Mass Communication,,,,3,no_code_placeholder,2024 BA JMC FINAL.pdf
2024,UES24V01T,Environmental Studies,5,BA,Journalism and Mass Communication,2,0,0,2,,2024 BA JMC FINAL.pdf
2024,UCD24S04J,Career Readiness and Professional Skills,5,BA,Journalism and Mass Communication,1,0,2,2,,2024 BA JMC FINAL.pdf
2024,UJM24P02L,Internship – II,5,BA,Journalism and Mass Communication,0,0,0,1,,2024 BA JMC FINAL.pdf
2024,UJM24D07T,Data Journalism,6,BA,Journalism and Mass Communication,4,0,0,4,,2024 BA JMC FINAL.pdf
2024,UJM24D08T,Computer Assisted Reporting,6,BA,Journalism and Mass Communication,,,,,ltpc_shared_with_group,2024 BA JMC FINAL.pdf
2024,UJM24D09L,Visual News Production,6,BA,Journalism and Mass Communication,0,0,8,4,,2024 BA JMC FINAL.pdf
2024,UJM24D10L,Documentary Making,6,BA,Journalism and Mass Communication,,,,,ltpc_shared_with_group,2024 BA JMC FINAL.pdf
2024,,Minor Elective - V,6,BA,Journalism and Mass Communication,,,,4,no_code_placeholder,2024 BA JMC FINAL.pdf
2024,,Minor Elective - VI,6,BA,Journalism and Mass Communication,,,,4,no_code_placeholder,2024 BA JMC FINAL.pdf
2024,UJM24P03L,Project Work,6,BA,Journalism and Mass Communication,0,0,4,2,,2024 BA JMC FINAL.pdf
2024,UCD24V02T,Universal Human Values,6,BA,Journalism and Mass Communication,2,0,0,2,,2024 BA JMC FINAL.pdf
2024,UJM24D11L,Creative Writing,7,BA,Journalism and Mass Communication,0,0,8,4,,2024 BA JMC FINAL.pdf
2024,UJM24D12L,Feature Writing,7,BA,Journalism and Mass Communication,,,,,ltpc_shared_with_group,2024 BA JMC FINAL.pdf
2024,UJM24D13J,Communication Research Methodology,7,BA,Journalism and Mass Communication,3,0,2,4,,2024 BA JMC FINAL.pdf
2024,UJM24D14J,Research Methods in Social Sciences,7,BA,Journalism and Mass Communication,,,,,ltpc_shared_with_group,2024 BA JMC FINAL.pdf
2024,UJM24D15T,Digital Story Telling,7,BA,Journalism and Mass Communication,4,0,0,4,,2024 BA JMC FINAL.pdf
2024,UJM24D16T,Digital Humanities,7,BA,Journalism and Mass Communication,,,,,ltpc_shared_with_group,2024 BA JMC FINAL.pdf
2024,,Minor Elective - VII,7,BA,Journalism and Mass Communication,,,,4,no_code_placeholder,2024 BA JMC FINAL.pdf
2024,,Minor Elective - VIII,7,BA,Journalism and Mass Communication,,,,4,no_code_placeholder,2024 BA JMC FINAL.pdf
2024,UJM24D17L,Podcast Production,8,BA,Journalism and Mass Communication,0,0,8,4,,2024 BA JMC FINAL.pdf
2024,UJM24D18L,Blogging and Podcast,8,BA,Journalism and Mass Communication,,,,,ltpc_shared_with_group,2024 BA JMC FINAL.pdf
2024,UJM24D19J,UI and UX Design,8,BA,Journalism and Mass Communication,2,0,4,4,,2024 BA JMC FINAL.pdf
2024,UJM24D20J,Design Thinking,8,BA,Journalism and Mass Communication,,,,,ltpc_shared_with_group,2024 BA JMC FINAL.pdf
2024,UJM24P04L,Research Project and Dissertation,8,BA,Journalism and Mass Communication,0,0,24,12,,2024 BA JMC FINAL.pdf
2024,UJM24P05L,Professional Internship,8,BA,Journalism and Mass Communication,,,,,ltpc_shared_with_group,2024 BA JMC FINAL.pdf
2024,ULT24AE1J,Tamil – I,1,BCOM,Accounting and Finance,2,0,2,3,,2024 BCOM AF FINAL.pdf
2024,ULH24AE1J,Hindi – I,1,BCOM,Accounting and Finance,,,,,ltpc_shared_with_group,2024 BCOM AF FINAL.pdf
2024,ULF24AE1J,French – I,1,BCOM,Accounting and Finance,,,,,ltpc_shared_with_group,2024 BCOM AF FINAL.pdf
2024,ULE24AE1J,English,1,BCOM,Accounting and Finance,2,0,2,3,,2024 BCOM AF FINAL.pdf
2024,UAF24101J,Financial Accounting,1,BCOM,Accounting and Finance,2,0,4,4,,2024 BCOM AF FINAL.pdf
2024,UAF24102J,Practical Cost Accounting,1,BCOM,Accounting and Finance,2,0,4,4,,2024 BCOM AF FINAL.pdf
2024,UAF24103J,Investment Analysis and Portfolio Management,1,BCOM,Accounting and Finance,1,0,6,4,,2024 BCOM AF FINAL.pdf
2024,UCD24S01J,Verbal Ability and Skill Development,1,BCOM,Accounting and Finance,1,0,2,2,,2024 BCOM AF FINAL.pdf
2024,ULT24AE2J,Tamil – II,2,BCOM,Accounting and Finance,2,0,2,3,,2024 BCOM AF FINAL.pdf
2024,ULH24AE2J,Hindi – II,2,BCOM,Accounting and Finance,,,,,ltpc_shared_with_group,2024 BCOM AF FINAL.pdf
2024,ULF24AE2J,French – II,2,BCOM,Accounting and Finance,,,,,ltpc_shared_with_group,2024 BCOM AF FINAL.pdf
2024,UAF24201J,Advanced Financial Accounting,2,BCOM,Accounting and Finance,1,0,6,4,,2024 BCOM AF FINAL.pdf
2024,UAF24202J,Management Accounting,2,BCOM,Accounting and Finance,2,0,4,4,,2024 BCOM AF FINAL.pdf
2024,UEY24204J,Business Economics,2,BCOM,Accounting and Finance,3,0,2,4,,2024 BCOM AF FINAL.pdf
2024,UCD24V01T,Essentials of Artificial Intelligence,2,BCOM,Accounting and Finance,1,0,0,1,,2024 BCOM AF FINAL.pdf
2024,,Multidisciplinary Courses – I,2,BCOM,Accounting and Finance,,,,3,no_code_placeholder,2024 BCOM AF FINAL.pdf
2024,UCD24S02L,Quantitative Aptitude and Logical Reasoning,2,BCOM,Accounting and Finance,0,0,2,1,,2024 BCOM AF FINAL.pdf
2024,UNS24Y01L,NSS,2,BCOM,Accounting and Finance,0,0,0,0,,2024 BCOM AF FINAL.pdf
2024,UNC24Y01L,NCC,2,BCOM,Accounting and Finance,,,,,ltpc_shared_with_group,2024 BCOM AF FINAL.pdf
2024,UNO24Y01L,NSO,2,BCOM,Accounting and Finance,,,,,ltpc_shared_with_group,2024 BCOM AF FINAL.pdf
2024,UYG24Y01L,YOGA,2,BCOM,Accounting and Finance,,,,,ltpc_shared_with_group,2024 BCOM AF FINAL.pdf
2024,UAF24301J,Advanced Company Accounting,3,BCOM,Accounting and Finance,1,0,6,4,,2024 BCOM AF FINAL.pdf
2024,UAF24302J,"Income Tax Theory, Law and Practice – I",3,BCOM,Accounting and Finance,1,0,6,4,,2024 BCOM AF FINAL.pdf
2024,UAF24303J,Financial Management,3,BCOM,Accounting and Finance,2,0,4,4,,2024 BCOM AF FINAL.pdf
2024,,Minor Elective – I,3,BCOM,Accounting and Finance,,,,4,no_code_placeholder,2024 BCOM AF FINAL.pdf
2024,,Multidisciplinary Courses – II,3,BCOM,Accounting and Finance,,,,3,no_code_placeholder,2024 BCOM AF FINAL.pdf
2024,UAF24P01L,Internship – I,3,BCOM,Accounting and Finance,0,0,0,1,,2024 BCOM AF FINAL.pdf
2024,UAF24401J,"Income Tax Theory, Law and practice – II",4,BCOM,Accounting and Finance,1,0,6,4,,2024 BCOM AF FINAL.pdf
2024,UAF24D01J,Principles of Management,4,BCOM,Accounting and Finance,1,0,6,4,,2024 BCOM AF FINAL.pdf
2024,UAF24D02J,Business Environment,4,BCOM,Accounting and Finance,,,,,ltpc_shared_with_group,2024 BCOM AF FINAL.pdf
2024,,Minor Elective – II,4,BCOM,Accounting and Finance,,,,4,no_code_placeholder,2024 BCOM AF FINAL.pdf
2024,,Minor Elective – III,4,BCOM,Accounting and Finance,,,,4,no_code_placeholder,2024 BCOM AF FINAL.pdf
2024,UEN24S01L,Communication Skills,4,BCOM,Accounting and Finance,0,0,4,2,,2024 BCOM AF FINAL.pdf
2024,UCD24S03J,Industry Oriented Employability and Leadership Skills,4,BCOM,Accounting and Finance,1,0,2,2,,2024 BCOM AF FINAL.pdf
2024,UMI24Y01L,My India Project,4,BCOM,Accounting and Finance,0,0,0,0,,2024 BCOM AF FINAL.pdf
2024,UMS24D03J,Quantitative Techniques for Business Decision,5,BCOM,Accounting and Finance,3,0,3,4,,2024 BCOM AF FINAL.pdf
2024,UMS24D04J,Operations Research,5,BCOM,Accounting and Finance,,,,,ltpc_shared_with_group,2024 BCOM AF FINAL.pdf
2024,UAF24D05J,Financial Reporting,5,BCOM,Accounting and Finance,1,0,6,4,,2024 BCOM AF FINAL.pdf
2024,UAF24D06J,Banking Theory Law and Practice,5,BCOM,Accounting and Finance,,,,,ltpc_shared_with_group,2024 BCOM AF FINAL.pdf
2024,,Minor Elective – IV,5,BCOM,Accounting and Finance,,,,4,no_code_placeholder,2024 BCOM AF FINAL.pdf
2024,,Multidisciplinary Courses – III,5,BCOM,Accounting and Finance,,,,3,no_code_placeholder,2024 BCOM AF FINAL.pdf
2024,UES24V01T,Environmental Studies,5,BCOM,Accounting and Finance,2,0,0,2,,2024 BCOM AF FINAL.pdf
2024,UCD24S04J,Career Readiness and Professional Skills,5,BCOM,Accounting and Finance,1,0,2,2,,2024 BCOM AF FINAL.pdf
2024,UAF24P02L,Internship – II,5,BCOM,Accounting and Finance,0,0,0,1,,2024 BCOM AF FINAL.pdf
2024,UAF24D07J,Strategic Management,6,BCOM,Accounting and Finance,1,0,6,4,,2024 BCOM AF FINAL.pdf
2024,UAF24D08J,Human Resource Management,6,BCOM,Accounting and Finance,,,,,ltpc_shared_with_group,2024 BCOM AF FINAL.pdf
2024,UAF24D09J,Business Ethics,6,BCOM,Accounting and Finance,3,0,2,4,,2024 BCOM AF FINAL.pdf
2024,UAF24D10J,Financial Service,6,BCOM,Accounting and Finance,,,,,ltpc_shared_with_group,2024 BCOM AF FINAL.pdf
2024,,Minor Elective – V,6,BCOM,Accounting and Finance,,,,4,no_code_placeholder,2024 BCOM AF FINAL.pdf
2024,,Minor Elective – VI,6,BCOM,Accounting and Finance,,,,4,no_code_placeholder,2024 BCOM AF FINAL.pdf
2024,UAF24P03L,Project Work,6,BCOM,Accounting and Finance,0,0,4,2,,2024 BCOM AF FINAL.pdf
2024,UCD24V02T,Universal Human Values,6,BCOM,Accounting and Finance,2,0,0,2,,2024 BCOM AF FINAL.pdf
2024,UAF24D11J,Entrepreneurship Development,7,BCOM,Accounting and Finance,2,0,4,4,,2024 BCOM AF FINAL.pdf
2024,UAF24D12J,E - Commerce,7,BCOM,Accounting and Finance,,,,,ltpc_shared_with_group,2024 BCOM AF FINAL.pdf
2024,UAF24D13J,Business Research Methods,7,BCOM,Accounting and Finance,2,0,4,4,,2024 BCOM AF FINAL.pdf
2024,UAF24D14J,Indirect Taxation,7,BCOM,Accounting and Finance,,,,,ltpc_shared_with_group,2024 BCOM AF FINAL.pdf
2024,UAF24D15J,Insurance Management,7,BCOM,Accounting and Finance,2,0,4,4,,2024 BCOM AF FINAL.pdf
2024,UAF24D16J,Financial Econometrics,7,BCOM,Accounting and Finance,,,,,ltpc_shared_with_group,2024 BCOM AF FINAL.pdf
2024,,Minor Elective – VII,7,BCOM,Accounting and Finance,,,,4,no_code_placeholder,2024 BCOM AF FINAL.pdf
2024,,Minor Elective – VIII,7,BCOM,Accounting and Finance,,,,4,no_code_placeholder,2024 BCOM AF FINAL.pdf
2024,UAF24D17T,International Business,8,BCOM,Accounting and Finance,4,0,0,4,,2024 BCOM AF FINAL.pdf
2024,UAF24D18T,Fintech,8,BCOM,Accounting and Finance,,,,,ltpc_shared_with_group,2024 BCOM AF FINAL.pdf
2024,UAF24D19T,Equity and Derivatives,8,BCOM,Accounting and Finance,4,0,0,4,,2024 BCOM AF FINAL.pdf
2024,UAF24D20T,Financial Market and Institutions,8,BCOM,Accounting and Finance,,,,,ltpc_shared_with_group,2024 BCOM AF FINAL.pdf
2024,UAF24P04L,Research Project and Dissertation,8,BCOM,Accounting and Finance,0,0,24,12,,2024 BCOM AF FINAL.pdf
2024,UAF24P05L,Professional Internship,8,BCOM,Accounting and Finance,,,,,ltpc_shared_with_group,2024 BCOM AF FINAL.pdf
2024,ULT24AE1J,Tamil - I,1,BCOM,"Banking, Financial Services and Insurance",2,0,2,3,,2024 BCOM BFSI FINAL.pdf
2024,ULH24AE1J,Hindi - I,1,BCOM,"Banking, Financial Services and Insurance",,,,,ltpc_shared_with_group,2024 BCOM BFSI FINAL.pdf
2024,ULF24AE1J,French - I,1,BCOM,"Banking, Financial Services and Insurance",,,,,ltpc_shared_with_group,2024 BCOM BFSI FINAL.pdf
2024,ULE24AE1J,English,1,BCOM,"Banking, Financial Services and Insurance",2,0,2,3,,2024 BCOM BFSI FINAL.pdf
2024,UBF24101J,Financial Accounting,1,BCOM,"Banking, Financial Services and Insurance",2,0,4,4,,2024 BCOM BFSI FINAL.pdf
2024,UBF24102J,Basics of Banking,1,BCOM,"Banking, Financial Services and Insurance",2,0,4,4,,2024 BCOM BFSI FINAL.pdf
2024,UBF24103J,Economics for Bankers,1,BCOM,"Banking, Financial Services and Insurance",2,0,4,4,,2024 BCOM BFSI FINAL.pdf
2024,UCD24S01J,Verbal Ability and Skill Development,1,BCOM,"Banking, Financial Services and Insurance",1,0,2,2,,2024 BCOM BFSI FINAL.pdf
2024,ULT24AE2J,Tamil – II,2,BCOM,"Banking, Financial Services and Insurance",2,0,2,3,,2024 BCOM BFSI FINAL.pdf
2024,ULH24AE2J,Hindi – II,2,BCOM,"Banking, Financial Services and Insurance",,,,,ltpc_shared_with_group,2024 BCOM BFSI FINAL.pdf
2024,ULF24AE2J,French – II,2,BCOM,"Banking, Financial Services and Insurance",,,,,ltpc_shared_with_group,2024 BCOM BFSI FINAL.pdf
2024,UBF24201J,Advanced Company Accounting,2,BCOM,"Banking, Financial Services and Insurance",2,0,4,4,,2024 BCOM BFSI FINAL.pdf
2024,UBF24202J,Retail Banking,2,BCOM,"Banking, Financial Services and Insurance",2,0,4,4,,2024 BCOM BFSI FINAL.pdf
2024,UBF24203J,Cost Accounting,2,BCOM,"Banking, Financial Services and Insurance",2,0,4,4,,2024 BCOM BFSI FINAL.pdf
2024,UCD24V01T,Essentials of Artificial Intelligence,2,BCOM,"Banking, Financial Services and Insurance",1,0,0,1,,2024 BCOM BFSI FINAL.pdf
2024,,Multidisciplinary Courses – I,2,BCOM,"Banking, Financial Services and Insurance",,,,3,no_code_placeholder,2024 BCOM BFSI FINAL.pdf
2024,UCD24S02L,Quantitative Aptitude and Logical Reasoning,2,BCOM,"Banking, Financial Services and Insurance",0,0,2,1,,2024 BCOM BFSI FINAL.pdf
2024,UNS24Y01L,NSS,2,BCOM,"Banking, Financial Services and Insurance",0,0,0,0,,2024 BCOM BFSI FINAL.pdf
2024,UNC24Y01L,NCC,2,BCOM,"Banking, Financial Services and Insurance",,,,,ltpc_shared_with_group,2024 BCOM BFSI FINAL.pdf
2024,UNO24Y01L,NSO,2,BCOM,"Banking, Financial Services and Insurance",,,,,ltpc_shared_with_group,2024 BCOM BFSI FINAL.pdf
2024,UYG24Y01L,YOGA,2,BCOM,"Banking, Financial Services and Insurance",,,,,ltpc_shared_with_group,2024 BCOM BFSI FINAL.pdf
2024,UBF24301J,"Income Tax Theory, Law and Practice",3,BCOM,"Banking, Financial Services and Insurance",2,0,4,4,,2024 BCOM BFSI FINAL.pdf
2024,UBF24302J,Management Accounting,3,BCOM,"Banking, Financial Services and Insurance",2,0,4,4,,2024 BCOM BFSI FINAL.pdf
2024,UBF24303J,Sales and Service Orientation in Banking,3,BCOM,"Banking, Financial Services and Insurance",3,0,3,4,,2024 BCOM BFSI FINAL.pdf
2024,,Minor Elective - I,3,BCOM,"Banking, Financial Services and Insurance",,,,4,no_code_placeholder,2024 BCOM BFSI FINAL.pdf
2024,,Multidisciplinary Courses – II,3,BCOM,"Banking, Financial Services and Insurance",,,,3,no_code_placeholder,2024 BCOM BFSI FINAL.pdf
2024,UBF24P01L,Internship - I,3,BCOM,"Banking, Financial Services and Insurance",0,0,0,1,,2024 BCOM BFSI FINAL.pdf
2024,UBF24401J,Branch Operations in Banking,4,BCOM,"Banking, Financial Services and Insurance",2,0,4,4,,2024 BCOM BFSI FINAL.pdf
2024,UBF24D01J,Rural and Inclusive Banking,4,BCOM,"Banking, Financial Services and Insurance",2,0,4,4,,2024 BCOM BFSI FINAL.pdf
2024,UBF24D02J,Business Environment,4,BCOM,"Banking, Financial Services and Insurance",,,,,ltpc_shared_with_group,2024 BCOM BFSI FINAL.pdf
2024,,Minor Elective – II,4,BCOM,"Banking, Financial Services and Insurance",,,,4,no_code_placeholder,2024 BCOM BFSI FINAL.pdf
2024,,Minor Elective – III,4,BCOM,"Banking, Financial Services and Insurance",,,,4,no_code_placeholder,2024 BCOM BFSI FINAL.pdf
2024,UEN24S01L,Communication Skills,4,BCOM,"Banking, Financial Services and Insurance",0,0,4,2,,2024 BCOM BFSI FINAL.pdf
2024,UCD24S03J,Industry Oriented Employability and Leadership Skills,4,BCOM,"Banking, Financial Services and Insurance",1,0,2,2,,2024 BCOM BFSI FINAL.pdf
2024,UMI24Y01L,My India Project,4,BCOM,"Banking, Financial Services and Insurance",0,0,0,0,,2024 BCOM BFSI FINAL.pdf
2024,UBF24D03J,Risk Management in Banking,5,BCOM,"Banking, Financial Services and Insurance",2,0,4,4,,2024 BCOM BFSI FINAL.pdf
2024,UBF24D04J,Business Law,5,BCOM,"Banking, Financial Services and Insurance",,,,,ltpc_shared_with_group,2024 BCOM BFSI FINAL.pdf
2024,UBF24D05J,Digital Banking,5,BCOM,"Banking, Financial Services and Insurance",1,0,6,4,,2024 BCOM BFSI FINAL.pdf
2024,UBF24D06J,Financial Management,5,BCOM,"Banking, Financial Services and Insurance",,,,,ltpc_shared_with_group,2024 BCOM BFSI FINAL.pdf
2024,,Minor Elective – IV,5,BCOM,"Banking, Financial Services and Insurance",,,,4,no_code_placeholder,2024 BCOM BFSI FINAL.pdf
2024,,Multidisciplinary Courses – III,5,BCOM,"Banking, Financial Services and Insurance",,,,3,no_code_placeholder,2024 BCOM BFSI FINAL.pdf
2024,UES24V01T,Environmental Studies,5,BCOM,"Banking, Financial Services and Insurance",2,0,0,2,,2024 BCOM BFSI FINAL.pdf
2024,UCD24S04J,Career Readiness and Professional Skills,5,BCOM,"Banking, Financial Services and Insurance",1,0,2,2,,2024 BCOM BFSI FINAL.pdf
2024,UBF24P02L,Internship - II,5,BCOM,"Banking, Financial Services and Insurance",0,0,0,1,,2024 BCOM BFSI FINAL.pdf
2024,UBF24D07J,Credit Management in Banking,6,BCOM,"Banking, Financial Services and Insurance",2,0,4,4,,2024 BCOM BFSI FINAL.pdf
2024,UBF24D08J,Personnel Management,6,BCOM,"Banking, Financial Services and Insurance",,,,,ltpc_shared_with_group,2024 BCOM BFSI FINAL.pdf
2024,UBF24D09J,Marketing and Relationship Management,6,BCOM,"Banking, Financial Services and Insurance",2,0,4,4,,2024 BCOM BFSI FINAL.pdf
2024,UBF24D10J,Financial Services,6,BCOM,"Banking, Financial Services and Insurance",,,,,ltpc_shared_with_group,2024 BCOM BFSI FINAL.pdf
2024,,Minor Elective – V,6,BCOM,"Banking, Financial Services and Insurance",,,,4,no_code_placeholder,2024 BCOM BFSI FINAL.pdf
2024,,Minor Elective – VI,6,BCOM,"Banking, Financial Services and Insurance",,,,4,no_code_placeholder,2024 BCOM BFSI FINAL.pdf
2024,UBF24P03L,Project Work,6,BCOM,"Banking, Financial Services and Insurance",0,0,4,2,,2024 BCOM BFSI FINAL.pdf
2024,UCD24V02T,Universal Human Values,6,BCOM,"Banking, Financial Services and Insurance",2,0,0,2,,2024 BCOM BFSI FINAL.pdf
2024,UBF24D11J,Research Methodology,7,BCOM,"Banking, Financial Services and Insurance",2,0,4,4,,2024 BCOM BFSI FINAL.pdf
2024,UBF24D12J,Elements of Insurance,7,BCOM,"Banking, Financial Services and Insurance",,,,,ltpc_shared_with_group,2024 BCOM BFSI FINAL.pdf
2024,UBF24D13J,FOREX and Treasury Management,7,BCOM,"Banking, Financial Services and Insurance",2,0,4,4,,2024 BCOM BFSI FINAL.pdf
2024,UBF24D14J,MSME Credit,7,BCOM,"Banking, Financial Services and Insurance",,,,,ltpc_shared_with_group,2024 BCOM BFSI FINAL.pdf
2024,UBF24D15J,Information Technology in Banking,7,BCOM,"Banking, Financial Services and Insurance",2,0,4,4,,2024 BCOM BFSI FINAL.pdf
2024,UBF24D16J,Investment Analysis and Portfolio Management,7,BCOM,"Banking, Financial Services and Insurance",,,,,ltpc_shared_with_group,2024 BCOM BFSI FINAL.pdf
2024,,Minor Elective – VII,7,BCOM,"Banking, Financial Services and Insurance",,,,4,no_code_placeholder,2024 BCOM BFSI FINAL.pdf
2024,,Minor Elective – VIII,7,BCOM,"Banking, Financial Services and Insurance",,,,4,no_code_placeholder,2024 BCOM BFSI FINAL.pdf
2024,UBF24D17T,Financial Planning and Wealth Management,8,BCOM,"Banking, Financial Services and Insurance",4,0,0,4,,2024 BCOM BFSI FINAL.pdf
2024,UBF24D18T,Practical Auditing,8,BCOM,"Banking, Financial Services and Insurance",,,,,ltpc_shared_with_group,2024 BCOM BFSI FINAL.pdf
2024,UBF24D19T,Loan Recovery Management,8,BCOM,"Banking, Financial Services and Insurance",4,0,0,4,,2024 BCOM BFSI FINAL.pdf
2024,UBF24D20T,Information Technology in Insurance,8,BCOM,"Banking, Financial Services and Insurance",,,,,ltpc_shared_with_group,2024 BCOM BFSI FINAL.pdf
2024,UBF24P04L,Research Project and Dissertation,8,BCOM,"Banking, Financial Services and Insurance",0,0,24,12,,2024 BCOM BFSI FINAL.pdf
2024,UBF24P05L,Professional Internship,8,BCOM,"Banking, Financial Services and Insurance",,,,,ltpc_shared_with_group,2024 BCOM BFSI FINAL.pdf
2024,,L Week P,1,BCOM,Computer Applications,,,,,no_code_placeholder,2024 BCOM CA FINAL.pdf
2024,ULT24AE1J,Tamil – I,1,BCOM,Computer Applications,2,0,2,3,,2024 BCOM CA FINAL.pdf
2024,ULH24AE1J,Hindi – I,1,BCOM,Computer Applications,,,,,ltpc_shared_with_group,2024 BCOM CA FINAL.pdf
2024,ULF24AE1J,French – I,1,BCOM,Computer Applications,,,,,ltpc_shared_with_group,2024 BCOM CA FINAL.pdf
2024,ULE24AE1J,English,1,BCOM,Computer Applications,2,0,2,3,,2024 BCOM CA FINAL.pdf
2024,UCP24101J,Financial Accounting,1,BCOM,Computer Applications,2,0,4,4,,2024 BCOM CA FINAL.pdf
2024,UCP24102J,Practical Cost Accounting,1,BCOM,Computer Applications,2,0,4,4,,2024 BCOM CA FINAL.pdf
2024,UCP24103J,Fundamentals of Information Technology,1,BCOM,Computer Applications,2,0,4,4,,2024 BCOM CA FINAL.pdf
2024,UCD24S01J,Verbal Ability and Skill Development,1,BCOM,Computer Applications,1,0,2,2,,2024 BCOM CA FINAL.pdf
2024,,L Week P,2,BCOM,Computer Applications,,,,,no_code_placeholder,2024 BCOM CA FINAL.pdf
2024,ULT24AE2J,Tamil – II,2,BCOM,Computer Applications,2,0,2,3,,2024 BCOM CA FINAL.pdf
2024,ULH24AE2J,Hindi – II,2,BCOM,Computer Applications,,,,,ltpc_shared_with_group,2024 BCOM CA FINAL.pdf
2024,ULF24AE2J,French – II,2,BCOM,Computer Applications,,,,,ltpc_shared_with_group,2024 BCOM CA FINAL.pdf
2024,UCP24201J,Advanced Financial Accounting,2,BCOM,Computer Applications,1,0,6,4,,2024 BCOM CA FINAL.pdf
2024,UCP24202J,Management Accounting,2,BCOM,Computer Applications,2,0,4,4,,2024 BCOM CA FINAL.pdf
2024,UCP24203J,Problem Solving with C Programming,2,BCOM,Computer Applications,2,0,4,4,,2024 BCOM CA FINAL.pdf
2024,UCD24V01T,Essentials of Artificial Intelligence,2,BCOM,Computer Applications,1,0,0,1,,2024 BCOM CA FINAL.pdf
2024,,Multidisciplinary Course – I,2,BCOM,Computer Applications,,,,3,no_code_placeholder,2024 BCOM CA FINAL.pdf
2024,UCD24S02L,Quantitative Aptitude and Logical Reasoning,2,BCOM,Computer Applications,0,0,2,1,,2024 BCOM CA FINAL.pdf
2024,UNS24Y01L,NSS,2,BCOM,Computer Applications,0,0,0,0,,2024 BCOM CA FINAL.pdf
2024,UNC24Y01L,NCC,2,BCOM,Computer Applications,,,,,ltpc_shared_with_group,2024 BCOM CA FINAL.pdf
2024,UNO24Y01L,NSO,2,BCOM,Computer Applications,,,,,ltpc_shared_with_group,2024 BCOM CA FINAL.pdf
2024,UYG24Y01L,YOGA,2,BCOM,Computer Applications,,,,,ltpc_shared_with_group,2024 BCOM CA FINAL.pdf
2024,,L Week P,3,BCOM,Computer Applications,,,,,no_code_placeholder,2024 BCOM CA FINAL.pdf
2024,UCP24301J,Advanced Company Accounting,3,BCOM,Computer Applications,1,0,6,4,,2024 BCOM CA FINAL.pdf
2024,UCP24302J,"Income Tax Theory, Law and Practice – I",3,BCOM,Computer Applications,1,0,6,4,,2024 BCOM CA FINAL.pdf
2024,UCP24303J,Database Management System,3,BCOM,Computer Applications,2,0,4,4,,2024 BCOM CA FINAL.pdf
2024,,Minor Elective – I,3,BCOM,Computer Applications,,,,4,no_code_placeholder,2024 BCOM CA FINAL.pdf
2024,,Multidisciplinary Course – II,3,BCOM,Computer Applications,,,,3,no_code_placeholder,2024 BCOM CA FINAL.pdf
2024,UCP24P01L,Internship – I,3,BCOM,Computer Applications,0,0,0,1,,2024 BCOM CA FINAL.pdf
2024,,L Week P,4,BCOM,Computer Applications,,,,,no_code_placeholder,2024 BCOM CA FINAL.pdf
2024,UCP24401J,"Income Tax Theory, Law and Practice – II",4,BCOM,Computer Applications,1,0,6,4,,2024 BCOM CA FINAL.pdf
2024,UCP24D01J,Accounting Package for Business,4,BCOM,Computer Applications,3,0,2,4,,2024 BCOM CA FINAL.pdf
2024,UCP24D02J,Introduction to Web Designing,4,BCOM,Computer Applications,,,,,ltpc_shared_with_group,2024 BCOM CA FINAL.pdf
2024,,Minor Elective – II,4,BCOM,Computer Applications,,,,4,no_code_placeholder,2024 BCOM CA FINAL.pdf
2024,,Minor Elective – III,4,BCOM,Computer Applications,,,,4,no_code_placeholder,2024 BCOM CA FINAL.pdf
2024,UEN24S01L,Communication Skills,4,BCOM,Computer Applications,0,0,4,2,,2024 BCOM CA FINAL.pdf
2024,UCD24S03J,Industry Oriented Employability and Leadership Skills,4,BCOM,Computer Applications,1,0,2,2,,2024 BCOM CA FINAL.pdf
2024,UMI24Y01L,My India Project,4,BCOM,Computer Applications,0,0,0,0,,2024 BCOM CA FINAL.pdf
2024,,L Week P,5,BCOM,Computer Applications,,,,,no_code_placeholder,2024 BCOM CA FINAL.pdf
2024,UCP24D05J,Software Development with Visual Programming,5,BCOM,Computer Applications,2,0,4,4,,2024 BCOM CA FINAL.pdf
2024,UCP24D06J,Fundamentals of Data Structures,5,BCOM,Computer Applications,,,,,ltpc_shared_with_group,2024 BCOM CA FINAL.pdf
2024,UMS24D03J,Quantitative Techniques for Business Decision,5,BCOM,Computer Applications,3,0,3,4,,2024 BCOM CA FINAL.pdf
2024,UMS24D04J,Operations Research,5,BCOM,Computer Applications,,,,,ltpc_shared_with_group,2024 BCOM CA FINAL.pdf
2024,,Minor Elective – IV,5,BCOM,Computer Applications,,,,4,no_code_placeholder,2024 BCOM CA FINAL.pdf
2024,,Multidisciplinary Course – III,5,BCOM,Computer Applications,,,,3,no_code_placeholder,2024 BCOM CA FINAL.pdf
2024,UES24V01T,Environmental Studies,5,BCOM,Computer Applications,2,0,0,2,,2024 BCOM CA FINAL.pdf
2024,UCD24S04J,Career Readiness and Professional Skills,5,BCOM,Computer Applications,1,0,2,2,,2024 BCOM CA FINAL.pdf
2024,UCP24P02L,Internship – II,5,BCOM,Computer Applications,0,0,0,1,,2024 BCOM CA FINAL.pdf
2024,,L Week P,6,BCOM,Computer Applications,,,,,no_code_placeholder,2024 BCOM CA FINAL.pdf
2024,UCP24D07J,Financial Management,6,BCOM,Computer Applications,2,0,4,4,,2024 BCOM CA FINAL.pdf
2024,UCP24D08J,Human Resource Management,6,BCOM,Computer Applications,,,,,ltpc_shared_with_group,2024 BCOM CA FINAL.pdf
2024,UCP24D09J,Problem Solving and Python Programming,6,BCOM,Computer Applications,2,0,4,4,,2024 BCOM CA FINAL.pdf
2024,,UCP24 D10J Marketing Management,6,BCOM,Computer Applications,,,,,no_code_placeholder,2024 BCOM CA FINAL.pdf
2024,,Minor Elective – V,6,BCOM,Computer Applications,,,,4,no_code_placeholder,2024 BCOM CA FINAL.pdf
2024,,Minor Elective – VI,6,BCOM,Computer Applications,,,,4,no_code_placeholder,2024 BCOM CA FINAL.pdf
2024,UCP24P03L,Project Work,6,BCOM,Computer Applications,0,0,4,2,,2024 BCOM CA FINAL.pdf
2024,UCD24V02T,Universal Human Values,6,BCOM,Computer Applications,2,0,0,2,,2024 BCOM CA FINAL.pdf
2024,,L Week P,7,BCOM,Computer Applications,,,,,no_code_placeholder,2024 BCOM CA FINAL.pdf
2024,UCP24D11J,Entrepreneurship Development,7,BCOM,Computer Applications,2,0,4,4,,2024 BCOM CA FINAL.pdf
2024,UCP24D12J,Investment Analysis and Portfolio Management,7,BCOM,Computer Applications,,,,6,ltpc_shared_with_group,2024 BCOM CA FINAL.pdf
2024,UCP24D13J,Business Research Methods,7,BCOM,Computer Applications,2,0,4,4,,2024 BCOM CA FINAL.pdf
2024,UCP24D14J,Business Ethics,7,BCOM,Computer Applications,,,,,ltpc_shared_with_group,2024 BCOM CA FINAL.pdf
2024,UCP24D15J,R Programming,7,BCOM,Computer Applications,2,0,4,4,,2024 BCOM CA FINAL.pdf
2024,UCP24D16J,E – Commerce,7,BCOM,Computer Applications,,,,4,ltpc_shared_with_group,2024 BCOM CA FINAL.pdf
2024,,Minor Elective – VII,7,BCOM,Computer Applications,,,,4,no_code_placeholder,2024 BCOM CA FINAL.pdf
2024,,Minor Elective – VIII,7,BCOM,Computer Applications,,,,4,no_code_placeholder,2024 BCOM CA FINAL.pdf
2024,,L Week P,8,BCOM,Computer Applications,,,,,no_code_placeholder,2024 BCOM CA FINAL.pdf
2024,UCP24D17T,Social Media and Digital Marketing,8,BCOM,Computer Applications,4,0,0,4,,2024 BCOM CA FINAL.pdf
2024,UCP24D18T,Management Information System,8,BCOM,Computer Applications,,,,,ltpc_shared_with_group,2024 BCOM CA FINAL.pdf
2024,UCP24D19J,Data Mining Techniques and Data Warehousing,8,BCOM,Computer Applications,3,0,2,4,,2024 BCOM CA FINAL.pdf
2024,UCP24D20T,Total Quality Management,8,BCOM,Computer Applications,,,,0,ltpc_shared_with_group,2024 BCOM CA FINAL.pdf
2024,UCP24P04L,Research Project and Dissertation,8,BCOM,Computer Applications,0,0,24,12,,2024 BCOM CA FINAL.pdf
2024,UCP24P05L,Professional Internship,8,BCOM,Computer Applications,,,,,ltpc_shared_with_group,2024 BCOM CA FINAL.pdf
2024,ULT24AE1J,Tamil – I,1,BCOM,Corporate Secretaryship,2,0,2,3,,2024 BCOM CS FINAL.pdf
2024,ULH24AE1J,Hindi – I,1,BCOM,Corporate Secretaryship,,,,,ltpc_shared_with_group,2024 BCOM CS FINAL.pdf
2024,ULF24AE1J,French – I,1,BCOM,Corporate Secretaryship,,,,,ltpc_shared_with_group,2024 BCOM CS FINAL.pdf
2024,ULE24AE1J,English,1,BCOM,Corporate Secretaryship,2,0,2,3,,2024 BCOM CS FINAL.pdf
2024,UCC24101J,Financial Accounting,1,BCOM,Corporate Secretaryship,2,0,4,4,,2024 BCOM CS FINAL.pdf
2024,UCC24102J,Practical Cost Accounting,1,BCOM,Corporate Secretaryship,2,0,4,4,,2024 BCOM CS FINAL.pdf
2024,UCC24103J,Company Law and Secretarial Practice,1,BCOM,Corporate Secretaryship,2,0,4,4,,2024 BCOM CS FINAL.pdf
2024,UCD24S01J,Verbal Ability and Skill Development,1,BCOM,Corporate Secretaryship,1,0,2,2,,2024 BCOM CS FINAL.pdf
2024,ULT24AE2J,Tamil – II,2,BCOM,Corporate Secretaryship,2,0,2,3,,2024 BCOM CS FINAL.pdf
2024,ULH24AE2J,Hindi – II,2,BCOM,Corporate Secretaryship,,,,,ltpc_shared_with_group,2024 BCOM CS FINAL.pdf
2024,ULF24AE2J,French – II,2,BCOM,Corporate Secretaryship,,,,,ltpc_shared_with_group,2024 BCOM CS FINAL.pdf
2024,UCC24201J,Advanced Financial Accounting,2,BCOM,Corporate Secretaryship,1,0,6,4,,2024 BCOM CS FINAL.pdf
2024,UCC24202J,Management Accounting,2,BCOM,Corporate Secretaryship,2,0,4,4,,2024 BCOM CS FINAL.pdf
2024,UEY24204J,Business Economics,2,BCOM,Corporate Secretaryship,3,0,2,4,,2024 BCOM CS FINAL.pdf
2024,UCD24V01T,Essentials of Artificial Intelligence,2,BCOM,Corporate Secretaryship,1,0,0,1,,2024 BCOM CS FINAL.pdf
2024,,Multidisciplinary Course – I,2,BCOM,Corporate Secretaryship,,,,3,no_code_placeholder,2024 BCOM CS FINAL.pdf
2024,UCD24S02L,Quantitative Aptitude and Logical Reasoning,2,BCOM,Corporate Secretaryship,0,0,2,1,,2024 BCOM CS FINAL.pdf
2024,UNS24Y01L,NSS,2,BCOM,Corporate Secretaryship,0,0,0,0,,2024 BCOM CS FINAL.pdf
2024,UNC24Y01L,NCC,2,BCOM,Corporate Secretaryship,,,,,ltpc_shared_with_group,2024 BCOM CS FINAL.pdf
2024,UNO24Y01L,NSO,2,BCOM,Corporate Secretaryship,,,,,ltpc_shared_with_group,2024 BCOM CS FINAL.pdf
2024,UYG24Y01L,YOGA,2,BCOM,Corporate Secretaryship,,,,,ltpc_shared_with_group,2024 BCOM CS FINAL.pdf
2024,UCC24301J,Advanced Company Accounting,3,BCOM,Corporate Secretaryship,1,0,6,4,,2024 BCOM CS FINAL.pdf
2024,UCC24302J,"Income Tax Theory, Law and Practice – I",3,BCOM,Corporate Secretaryship,1,0,6,4,,2024 BCOM CS FINAL.pdf
2024,UCC24303J,"Environmental, Social and Governance",3,BCOM,Corporate Secretaryship,3,0,2,4,,2024 BCOM CS FINAL.pdf
2024,,Principles and Practices,3,BCOM,Corporate Secretaryship,,,,,no_code_placeholder,2024 BCOM CS FINAL.pdf
2024,,Minor Elective – I,3,BCOM,Corporate Secretaryship,,,,4,no_code_placeholder,2024 BCOM CS FINAL.pdf
2024,UCC24P01L,Internship - I,3,BCOM,Corporate Secretaryship,0,0,0,1,,2024 BCOM CS FINAL.pdf
2024,,Multidisciplinary Course – II,3,BCOM,Corporate Secretaryship,,,,3,no_code_placeholder,2024 BCOM CS FINAL.pdf
2024,UCC24401J,"Income Tax Theory, Law and Practice – II",4,BCOM,Corporate Secretaryship,1,0,6,4,,2024 BCOM CS FINAL.pdf
2024,UCC24D01J,Principles of Management,4,BCOM,Corporate Secretaryship,1,0,6,4,,2024 BCOM CS FINAL.pdf
2024,UCC24D02J,Business Communication,4,BCOM,Corporate Secretaryship,,,,,ltpc_shared_with_group,2024 BCOM CS FINAL.pdf
2024,,Minor Elective – II,4,BCOM,Corporate Secretaryship,,,,4,no_code_placeholder,2024 BCOM CS FINAL.pdf
2024,,Minor Elective – III,4,BCOM,Corporate Secretaryship,,,,4,no_code_placeholder,2024 BCOM CS FINAL.pdf
2024,UEN24S01L,Communication Skills,4,BCOM,Corporate Secretaryship,0,0,4,2,,2024 BCOM CS FINAL.pdf
2024,UCD24S03J,Industry Oriented Employability and Leadership Skills,4,BCOM,Corporate Secretaryship,1,0,2,2,,2024 BCOM CS FINAL.pdf
2024,UMI24Y01L,My India Project,4,BCOM,Corporate Secretaryship,0,0,0,0,,2024 BCOM CS FINAL.pdf
2024,UMS24D03J,Quantitative Techniques for Business Decision,5,BCOM,Corporate Secretaryship,3,0,3,4,,2024 BCOM CS FINAL.pdf
2024,UMS24D04J,Operations Research,5,BCOM,Corporate Secretaryship,,,,,ltpc_shared_with_group,2024 BCOM CS FINAL.pdf
2024,UCC24D05J,Business Law,5,BCOM,Corporate Secretaryship,1,0,6,4,,2024 BCOM CS FINAL.pdf
2024,UCC24D06J,Business Environment,5,BCOM,Corporate Secretaryship,,,,,ltpc_shared_with_group,2024 BCOM CS FINAL.pdf
2024,,Minor Elective – IV,5,BCOM,Corporate Secretaryship,,,,4,no_code_placeholder,2024 BCOM CS FINAL.pdf
2024,,Multidisciplinary Course – III,5,BCOM,Corporate Secretaryship,,,,3,no_code_placeholder,2024 BCOM CS FINAL.pdf
2024,UES24V01T,Environmental Studies,5,BCOM,Corporate Secretaryship,2,0,0,2,,2024 BCOM CS FINAL.pdf
2024,UCD24S04J,Career Readiness and Professional Skills,5,BCOM,Corporate Secretaryship,1,0,2,2,,2024 BCOM CS FINAL.pdf
2024,UCC24P02L,Internship - II,5,BCOM,Corporate Secretaryship,0,0,0,1,,2024 BCOM CS FINAL.pdf
2024,UCC24D07J,Marketing Management,6,BCOM,Corporate Secretaryship,2,0,4,4,,2024 BCOM CS FINAL.pdf
2024,UCC24D08J,Human Resource Management,6,BCOM,Corporate Secretaryship,,,,,ltpc_shared_with_group,2024 BCOM CS FINAL.pdf
2024,UCC24D09J,Organisational Behaviour,6,BCOM,Corporate Secretaryship,3,0,3,4,,2024 BCOM CS FINAL.pdf
2024,UCC24D10J,Industrial Relations,6,BCOM,Corporate Secretaryship,,,,,ltpc_shared_with_group,2024 BCOM CS FINAL.pdf
2024,,Minor Elective – V,6,BCOM,Corporate Secretaryship,,,,4,no_code_placeholder,2024 BCOM CS FINAL.pdf
2024,,Minor Elective – VI,6,BCOM,Corporate Secretaryship,,,,4,no_code_placeholder,2024 BCOM CS FINAL.pdf
2024,UCC24P03L,Project Work,6,BCOM,Corporate Secretaryship,0,0,4,2,,2024 BCOM CS FINAL.pdf
2024,UCD24V02T,Universal Human Values,6,BCOM,Corporate Secretaryship,2,0,0,2,,2024 BCOM CS FINAL.pdf
2024,UCC24D11T,Entrepreneurship Development,7,BCOM,Corporate Secretaryship,4,0,0,4,,2024 BCOM CS FINAL.pdf
2024,UCC24D12T,E - Commerce,7,BCOM,Corporate Secretaryship,,,,,ltpc_shared_with_group,2024 BCOM CS FINAL.pdf
2024,UCC24D13J,Business Research Methods,7,BCOM,Corporate Secretaryship,3,0,2,4,,2024 BCOM CS FINAL.pdf
2024,UCC24D14J,Financial Management,7,BCOM,Corporate Secretaryship,,,,,ltpc_shared_with_group,2024 BCOM CS FINAL.pdf
2024,UCC24D15J,Corporate Governance,7,BCOM,Corporate Secretaryship,3,0,3,4,,2024 BCOM CS FINAL.pdf
2024,UCC24D16J,Business Ethics,7,BCOM,Corporate Secretaryship,,,,,ltpc_shared_with_group,2024 BCOM CS FINAL.pdf
2024,,Minor Elective – VII,7,BCOM,Corporate Secretaryship,,,,4,no_code_placeholder,2024 BCOM CS FINAL.pdf
2024,,Minor Elective – VIII,7,BCOM,Corporate Secretaryship,,,,4,no_code_placeholder,2024 BCOM CS FINAL.pdf
2024,UCC24D17T,Banking Theory Law and Practice,8,BCOM,Corporate Secretaryship,4,0,0,4,,2024 BCOM CS FINAL.pdf
2024,UCC24D18T,Corporate Finance,8,BCOM,Corporate Secretaryship,,,,,ltpc_shared_with_group,2024 BCOM CS FINAL.pdf
2024,UCC24D19T,International Trade,8,BCOM,Corporate Secretaryship,4,0,0,4,,2024 BCOM CS FINAL.pdf
2024,UCC24D20T,Investment Analysis and Portfolio Management,8,BCOM,Corporate Secretaryship,,,,,ltpc_shared_with_group,2024 BCOM CS FINAL.pdf
2024,UCC24P04L,Research Project and Dissertation,8,BCOM,Corporate Secretaryship,0,0,24,12,,2024 BCOM CS FINAL.pdf
2024,UCC24P05L,Professional Internship,8,BCOM,Corporate Secretaryship,,,,,ltpc_shared_with_group,2024 BCOM CS FINAL.pdf
2024,ULT24AE1J,Tamil – I,1,BCOM,Finance and Taxation,2,0,2,3,,2024 BCOM FT FINAL.pdf
2024,ULH24AE1J,Hindi – I,1,BCOM,Finance and Taxation,,,,,ltpc_shared_with_group,2024 BCOM FT FINAL.pdf
2024,ULF24AE1J,French – I,1,BCOM,Finance and Taxation,,,,,ltpc_shared_with_group,2024 BCOM FT FINAL.pdf
2024,ULE24AE1J,English,1,BCOM,Finance and Taxation,2,0,2,3,,2024 BCOM FT FINAL.pdf
2024,UTF24101T,Business Economics,1,BCOM,Finance and Taxation,4,0,0,4,,2024 BCOM FT FINAL.pdf
2024,UTF24102J,Accounting – I,1,BCOM,Finance and Taxation,2,0,4,4,,2024 BCOM FT FINAL.pdf
2024,UTF24103J,"Business Mathematics, Statistics and Logical Reasoning",1,BCOM,Finance and Taxation,2,0,4,4,,2024 BCOM FT FINAL.pdf
2024,UCD24S01J,Verbal Ability and Skill Development,1,BCOM,Finance and Taxation,1,0,2,2,,2024 BCOM FT FINAL.pdf
2024,,Total Learning Credit,1,BCOM,Finance and Taxation,,,,20,no_code_placeholder,2024 BCOM FT FINAL.pdf
2024,ULT24AE2J,Tamil – II,2,BCOM,Finance and Taxation,2,0,2,3,,2024 BCOM FT FINAL.pdf
2024,ULH24AE2J,Hindi – II,2,BCOM,Finance and Taxation,,,,,ltpc_shared_with_group,2024 BCOM FT FINAL.pdf
2024,ULF24AE2J,French – II,2,BCOM,Finance and Taxation,,,,,ltpc_shared_with_group,2024 BCOM FT FINAL.pdf
2024,UTF24201J,Business Law,2,BCOM,Finance and Taxation,3,0,2,4,,2024 BCOM FT FINAL.pdf
2024,UTF24202J,Accounting – II,2,BCOM,Finance and Taxation,2,0,4,4,,2024 BCOM FT FINAL.pdf
2024,UTF24203T,Corporate and Other Laws,2,BCOM,Finance and Taxation,4,0,0,4,,2024 BCOM FT FINAL.pdf
2024,UCD24V01T,Essentials of Artificial Intelligence,2,BCOM,Finance and Taxation,1,0,0,1,,2024 BCOM FT FINAL.pdf
2024,,Multidisciplinary Courses - I,2,BCOM,Finance and Taxation,,,,3,no_code_placeholder,2024 BCOM FT FINAL.pdf
2024,UCD24S02L,Quantitative Aptitude and Logical Reasoning,2,BCOM,Finance and Taxation,0,0,2,1,,2024 BCOM FT FINAL.pdf
2024,UNS24Y01L,NSS,2,BCOM,Finance and Taxation,0,0,0,0,,2024 BCOM FT FINAL.pdf
2024,UNC24Y01L,NCC,2,BCOM,Finance and Taxation,,,,,ltpc_shared_with_group,2024 BCOM FT FINAL.pdf
2024,UNO24Y01L,NSO,2,BCOM,Finance and Taxation,,,,,ltpc_shared_with_group,2024 BCOM FT FINAL.pdf
2024,UYG24Y01L,YOGA,2,BCOM,Finance and Taxation,,,,,ltpc_shared_with_group,2024 BCOM FT FINAL.pdf
2024,,Total Learning Credit,2,BCOM,Finance and Taxation,,,,20,no_code_placeholder,2024 BCOM FT FINAL.pdf
2024,UTF24301J,Accounting Standards and Advanced Accounting – I,3,BCOM,Finance and Taxation,2,0,4,4,,2024 BCOM FT FINAL.pdf
2024,UTF24302J,Goods and Services Tax,3,BCOM,Finance and Taxation,2,0,4,4,,2024 BCOM FT FINAL.pdf
2024,UTF24303J,Income Tax Laws,3,BCOM,Finance and Taxation,2,0,4,4,,2024 BCOM FT FINAL.pdf
2024,,Minor Elective - I,3,BCOM,Finance and Taxation,,,,4,no_code_placeholder,2024 BCOM FT FINAL.pdf
2024,,Multidisciplinary Courses – II,3,BCOM,Finance and Taxation,,,,3,no_code_placeholder,2024 BCOM FT FINAL.pdf
2024,UTF24P01L,Internship – I,3,BCOM,Finance and Taxation,0,0,0,1,,2024 BCOM FT FINAL.pdf
2024,,Total Learning Credit,3,BCOM,Finance and Taxation,,,,20,no_code_placeholder,2024 BCOM FT FINAL.pdf
2024,UTF24401J,Accounting Standards and Advanced Accounting - II,4,BCOM,Finance and Taxation,2,0,4,4,,2024 BCOM FT FINAL.pdf
2024,UTF24D01J,Financial Management,4,BCOM,Finance and Taxation,2,0,4,4,,2024 BCOM FT FINAL.pdf
2024,UTF24D02J,Security Analysis and Portfolio Management,4,BCOM,Finance and Taxation,,,,,ltpc_shared_with_group,2024 BCOM FT FINAL.pdf
2024,,Minor Elective – II,4,BCOM,Finance and Taxation,,,,4,no_code_placeholder,2024 BCOM FT FINAL.pdf
2024,,Minor Elective – III,4,BCOM,Finance and Taxation,,,,4,no_code_placeholder,2024 BCOM FT FINAL.pdf
2024,UEN24S01L,Communication Skills,4,BCOM,Finance and Taxation,0,0,4,2,,2024 BCOM FT FINAL.pdf
2024,UCD24S03J,Industry Oriented Employability and Leadership Skills,4,BCOM,Finance and Taxation,1,0,2,2,,2024 BCOM FT FINAL.pdf
2024,UMI24Y01L,My India Project,4,BCOM,Finance and Taxation,0,0,0,0,,2024 BCOM FT FINAL.pdf
2024,,Total Learning Credit,4,BCOM,Finance and Taxation,,,,20,no_code_placeholder,2024 BCOM FT FINAL.pdf
2024,UTF24D03J,Strategic Management,5,BCOM,Finance and Taxation,2,0,4,4,,2024 BCOM FT FINAL.pdf
2024,UTF24D04J,Business Environment,5,BCOM,Finance and Taxation,,,,,ltpc_shared_with_group,2024 BCOM FT FINAL.pdf
2024,UTF24D05J,Cost and Management Accounting,5,BCOM,Finance and Taxation,2,0,4,4,,2024 BCOM FT FINAL.pdf
2024,UTF24D06J,Principles of Management,5,BCOM,Finance and Taxation,,,,,ltpc_shared_with_group,2024 BCOM FT FINAL.pdf
2024,,Minor Elective – IV,5,BCOM,Finance and Taxation,,,,4,no_code_placeholder,2024 BCOM FT FINAL.pdf
2024,,Multidisciplinary Courses – III,5,BCOM,Finance and Taxation,,,,3,no_code_placeholder,2024 BCOM FT FINAL.pdf
2024,UES24V01T,Environmental Studies,5,BCOM,Finance and Taxation,2,0,0,2,,2024 BCOM FT FINAL.pdf
2024,UCD24S04J,Career Readiness and Professional Skills,5,BCOM,Finance and Taxation,1,0,2,2,,2024 BCOM FT FINAL.pdf
2024,UTF24P02L,Internship - II,5,BCOM,Finance and Taxation,0,0,0,1,,2024 BCOM FT FINAL.pdf
2024,,Total Learning Credit,5,BCOM,Finance and Taxation,,,,20,no_code_placeholder,2024 BCOM FT FINAL.pdf
2024,UTF24D07T,Auditing and Ethics,6,BCOM,Finance and Taxation,4,0,0,4,,2024 BCOM FT FINAL.pdf
2024,UTF24D08T,Behavioural Finance,6,BCOM,Finance and Taxation,,,,,ltpc_shared_with_group,2024 BCOM FT FINAL.pdf
2024,UTF24D09T,E - Commerce,6,BCOM,Finance and Taxation,4,0,0,4,,2024 BCOM FT FINAL.pdf
2024,UTF24D10T,Ethics and Corporate Governance,6,BCOM,Finance and Taxation,,,,,ltpc_shared_with_group,2024 BCOM FT FINAL.pdf
2024,,Minor Elective – V,6,BCOM,Finance and Taxation,,,,4,no_code_placeholder,2024 BCOM FT FINAL.pdf
2024,,Minor Elective – VI,6,BCOM,Finance and Taxation,,,,4,no_code_placeholder,2024 BCOM FT FINAL.pdf
2024,UTF24P03L,Project Work,6,BCOM,Finance and Taxation,0,0,4,2,,2024 BCOM FT FINAL.pdf
2024,UCD24V02T,Universal Human Values,6,BCOM,Finance and Taxation,2,0,0,2,,2024 BCOM FT FINAL.pdf
2024,UTF24D11J,Research Methodology,7,BCOM,Finance and Taxation,2,0,4,4,,2024 BCOM FT FINAL.pdf
2024,UTF24D12J,Entrepreneurial Development,7,BCOM,Finance and Taxation,,,,,ltpc_shared_with_group,2024 BCOM FT FINAL.pdf
2024,UTF24D13J,Customer Relationship Management,7,BCOM,Finance and Taxation,2,0,4,4,,2024 BCOM FT FINAL.pdf
2024,UTF24D14J,Indian Accounting Standards,7,BCOM,Finance and Taxation,,,,,ltpc_shared_with_group,2024 BCOM FT FINAL.pdf
2024,UTF24D15T,Intellectual Property Rights,7,BCOM,Finance and Taxation,4,0,0,4,,2024 BCOM FT FINAL.pdf
2024,UTF24D16T,Organizational Behaviour,7,BCOM,Finance and Taxation,,,,,ltpc_shared_with_group,2024 BCOM FT FINAL.pdf
2024,,Minor Elective - VII,7,BCOM,Finance and Taxation,,,,4,no_code_placeholder,2024 BCOM FT FINAL.pdf
2024,,Minor Elective – VIII,7,BCOM,Finance and Taxation,,,,4,no_code_placeholder,2024 BCOM FT FINAL.pdf
2024,UTF24D17J,International Financial Reporting Standards,8,BCOM,Finance and Taxation,2,0,4,4,,2024 BCOM FT FINAL.pdf
2024,UTF24D18J,Financial Risk Management,8,BCOM,Finance and Taxation,,,,,ltpc_shared_with_group,2024 BCOM FT FINAL.pdf
2024,UTF24D19J,Basic Econometrics,8,BCOM,Finance and Taxation,2,0,4,4,,2024 BCOM FT FINAL.pdf
2024,UTF24D20J,Financial Reporting,8,BCOM,Finance and Taxation,,,,,ltpc_shared_with_group,2024 BCOM FT FINAL.pdf
2024,UTF24P04L,Research Project and Dissertation,8,BCOM,Finance and Taxation,0,0,24,12,,2024 BCOM FT FINAL.pdf
2024,UTF24P05L,Professional Internship,8,BCOM,Finance and Taxation,,,,,ltpc_shared_with_group,2024 BCOM FT FINAL.pdf
2024,ULT24AE1J,Tamil – I,1,BCOM,Commerce,2,0,2,3,,2024 BCOM GENERAL FINAL.pdf
2024,ULH24AE1J,Hindi – I,1,BCOM,Commerce,,,,,ltpc_shared_with_group,2024 BCOM GENERAL FINAL.pdf
2024,ULF24AE1J,French – I,1,BCOM,Commerce,,,,,ltpc_shared_with_group,2024 BCOM GENERAL FINAL.pdf
2024,ULE24AE1J,English,1,BCOM,Commerce,2,0,2,3,,2024 BCOM GENERAL FINAL.pdf
2024,UCM24101J,Accounting for Business,1,BCOM,Commerce,3,0,3,4,,2024 BCOM GENERAL FINAL.pdf
2024,UCM24102J,Business Management,1,BCOM,Commerce,3,0,2,4,,2024 BCOM GENERAL FINAL.pdf
2024,UEY24104J,Managerial Economics,1,BCOM,Commerce,3,0,2,4,,2024 BCOM GENERAL FINAL.pdf
2024,UCD24S01J,Verbal Ability and Skill Development,1,BCOM,Commerce,1,0,2,2,,2024 BCOM GENERAL FINAL.pdf
2024,ULT24AE2J,Tamil – II,2,BCOM,Commerce,2,0,2,3,,2024 BCOM GENERAL FINAL.pdf
2024,ULH24AE2J,Hindi – II,2,BCOM,Commerce,,,,,ltpc_shared_with_group,2024 BCOM GENERAL FINAL.pdf
2024,ULF24AE2J,French – II,2,BCOM,Commerce,,,,,ltpc_shared_with_group,2024 BCOM GENERAL FINAL.pdf
2024,UCM24201J,Basics of Company Accounts,2,BCOM,Commerce,3,0,3,4,,2024 BCOM GENERAL FINAL.pdf
2024,UCM24202J,Banking Law and Practices,2,BCOM,Commerce,3,0,3,4,,2024 BCOM GENERAL FINAL.pdf
2024,UCM24203J,Company Law,2,BCOM,Commerce,3,0,2,4,,2024 BCOM GENERAL FINAL.pdf
2024,UCD24V01T,Essentials of Artificial Intelligence,2,BCOM,Commerce,1,0,0,1,,2024 BCOM GENERAL FINAL.pdf
2024,,Multidisciplinary Course – I,2,BCOM,Commerce,,,,3,no_code_placeholder,2024 BCOM GENERAL FINAL.pdf
2024,UCD24S02L,Quantitative Aptitude and Logical Reasoning,2,BCOM,Commerce,0,0,2,1,,2024 BCOM GENERAL FINAL.pdf
2024,UNS24Y01L,NSS,2,BCOM,Commerce,0,0,0,0,,2024 BCOM GENERAL FINAL.pdf
2024,UNC24Y01L,NCC,2,BCOM,Commerce,,,,,ltpc_shared_with_group,2024 BCOM GENERAL FINAL.pdf
2024,UNO24Y01L,NSO,2,BCOM,Commerce,,,,,ltpc_shared_with_group,2024 BCOM GENERAL FINAL.pdf
2024,UYG24Y01L,YOGA,2,BCOM,Commerce,,,,,ltpc_shared_with_group,2024 BCOM GENERAL FINAL.pdf
2024,UCM24301J,Basics of Cost Accounting,3,BCOM,Commerce,3,0,3,4,,2024 BCOM GENERAL FINAL.pdf
2024,UCM24302J,Income Tax Law and Practice,3,BCOM,Commerce,3,0,3,4,,2024 BCOM GENERAL FINAL.pdf
2024,UCM24303J,Principles of Marketing,3,BCOM,Commerce,3,0,3,4,,2024 BCOM GENERAL FINAL.pdf
2024,,Minor Elective – I,3,BCOM,Commerce,,,,4,no_code_placeholder,2024 BCOM GENERAL FINAL.pdf
2024,UCM24P01L,Internship – I,3,BCOM,Commerce,0,0,0,1,,2024 BCOM GENERAL FINAL.pdf
2024,,Multidisciplinary Course – II,3,BCOM,Commerce,,,,3,no_code_placeholder,2024 BCOM GENERAL FINAL.pdf
2024,UCM24401J,Tax Procedure and Implementation,4,BCOM,Commerce,3,0,3,4,,2024 BCOM GENERAL FINAL.pdf
2024,UCM24D01J,Management Accounting,4,BCOM,Commerce,3,0,3,4,,2024 BCOM GENERAL FINAL.pdf
2024,UCM24D02J,Business Law,4,BCOM,Commerce,,,,,ltpc_shared_with_group,2024 BCOM GENERAL FINAL.pdf
2024,,Minor Elective – II,4,BCOM,Commerce,,,,4,no_code_placeholder,2024 BCOM GENERAL FINAL.pdf
2024,,Minor Elective – III,4,BCOM,Commerce,,,,4,no_code_placeholder,2024 BCOM GENERAL FINAL.pdf
2024,UEN24S01L,Communication Skills,4,BCOM,Commerce,0,0,4,2,,2024 BCOM GENERAL FINAL.pdf
2024,UCD24S03J,Industry Oriented Employability and Leadership Skills,4,BCOM,Commerce,1,0,2,2,,2024 BCOM GENERAL FINAL.pdf
2024,UMI24Y01L,My India Project,4,BCOM,Commerce,0,0,0,0,,2024 BCOM GENERAL FINAL.pdf
2024,UMS24D03J,Quantitative Techniques for Business Decision,5,BCOM,Commerce,3,0,3,4,,2024 BCOM GENERAL FINAL.pdf
2024,UMS24D04J,Operations Research,5,BCOM,Commerce,,,,,ltpc_shared_with_group,2024 BCOM GENERAL FINAL.pdf
2024,UCM24D05J,Financial Management,5,BCOM,Commerce,3,0,3,4,,2024 BCOM GENERAL FINAL.pdf
2024,UCM24D06J,Total Quality Management,5,BCOM,Commerce,,,,,ltpc_shared_with_group,2024 BCOM GENERAL FINAL.pdf
2024,,Minor Elective – IV,5,BCOM,Commerce,,,,4,no_code_placeholder,2024 BCOM GENERAL FINAL.pdf
2024,,Multidisciplinary Course – III,5,BCOM,Commerce,,,,3,no_code_placeholder,2024 BCOM GENERAL FINAL.pdf
2024,UES24V01T,Environmental Studies,5,BCOM,Commerce,2,0,0,2,,2024 BCOM GENERAL FINAL.pdf
2024,UCD24S04J,Career Readiness and Professional Skills,5,BCOM,Commerce,1,0,2,2,,2024 BCOM GENERAL FINAL.pdf
2024,UCM24P02L,Internship – II,5,BCOM,Commerce,0,0,0,1,,2024 BCOM GENERAL FINAL.pdf
2024,UCM24D07J,Practical Auditing,6,BCOM,Commerce,3,0,3,4,,2024 BCOM GENERAL FINAL.pdf
2024,UCM24D08J,Advertisement and Sales Management,6,BCOM,Commerce,,,,,ltpc_shared_with_group,2024 BCOM GENERAL FINAL.pdf
2024,UCM24D09J,Human Resource Management,6,BCOM,Commerce,3,0,3,4,,2024 BCOM GENERAL FINAL.pdf
2024,UCM24D10J,Customer Relationship Management,6,BCOM,Commerce,,,,,ltpc_shared_with_group,2024 BCOM GENERAL FINAL.pdf
2024,,Minor Elective – V,6,BCOM,Commerce,,,,4,no_code_placeholder,2024 BCOM GENERAL FINAL.pdf
2024,,Minor Elective – VI,6,BCOM,Commerce,,,,4,no_code_placeholder,2024 BCOM GENERAL FINAL.pdf
2024,UCM24P03L,Project Work,6,BCOM,Commerce,0,0,4,2,,2024 BCOM GENERAL FINAL.pdf
2024,UCD24V02T,Universal Human Values,6,BCOM,Commerce,2,0,0,2,,2024 BCOM GENERAL FINAL.pdf
2024,UCM24D11J,Advanced Cost Accounting,7,BCOM,Commerce,3,0,3,4,,2024 BCOM GENERAL FINAL.pdf
2024,UCM24D12J,Strategic Management,7,BCOM,Commerce,,,,,ltpc_shared_with_group,2024 BCOM GENERAL FINAL.pdf
2024,UCM24D13J,Business Research Methods,7,BCOM,Commerce,3,0,3,4,,2024 BCOM GENERAL FINAL.pdf
2024,UCM24D14J,Essentials of Insurance,7,BCOM,Commerce,,,,,ltpc_shared_with_group,2024 BCOM GENERAL FINAL.pdf
2024,UCM24D15J,Entrepreneurial Development,7,BCOM,Commerce,3,0,3,4,,2024 BCOM GENERAL FINAL.pdf
2024,UCM24D16J,Service and Relationship Marketing,7,BCOM,Commerce,,,,,ltpc_shared_with_group,2024 BCOM GENERAL FINAL.pdf
2024,,Minor Elective – VII,7,BCOM,Commerce,,,,4,no_code_placeholder,2024 BCOM GENERAL FINAL.pdf
2024,,Minor Elective – VIII,7,BCOM,Commerce,,,,4,no_code_placeholder,2024 BCOM GENERAL FINAL.pdf
2024,UCM24D17T,Research and Publication Ethics,8,BCOM,Commerce,4,0,0,4,,2024 BCOM GENERAL FINAL.pdf
2024,UCM24D18T,GST Procedures and Practices,8,BCOM,Commerce,,,,,ltpc_shared_with_group,2024 BCOM GENERAL FINAL.pdf
2024,UCM24D19T,International Marketing,8,BCOM,Commerce,4,0,0,4,,2024 BCOM GENERAL FINAL.pdf
2024,UCM24D20T,Business Environment,8,BCOM,Commerce,,,,,ltpc_shared_with_group,2024 BCOM GENERAL FINAL.pdf
2024,UCM24P04L,Research Project and Dissertation,8,BCOM,Commerce,0,0,24,12,,2024 BCOM GENERAL FINAL.pdf
2024,UCM24P05L,Professional Internship,8,BCOM,Commerce,,,,,ltpc_shared_with_group,2024 BCOM GENERAL FINAL.pdf
2024,ULT24AE1J,Tamil – I,1,BCOM,International Accounting and Finance,2,0,2,3,,2024 BCOM IAF FINAL.pdf
2024,ULH24AE1J,Hindi – I,1,BCOM,International Accounting and Finance,,,,,ltpc_shared_with_group,2024 BCOM IAF FINAL.pdf
2024,ULF24AE1J,French – I,1,BCOM,International Accounting and Finance,,,,,ltpc_shared_with_group,2024 BCOM IAF FINAL.pdf
2024,ULE24AE1J,English,1,BCOM,International Accounting and Finance,2,0,2,3,,2024 BCOM IAF FINAL.pdf
2024,UIA24101J,Accountant in Business,1,BCOM,International Accounting and Finance,3,0,3,4,,2024 BCOM IAF FINAL.pdf
2024,UIA24102J,Financial Accounting for Business,1,BCOM,International Accounting and Finance,3,0,2,4,,2024 BCOM IAF FINAL.pdf
2024,UIA24103J,Management Accounting,1,BCOM,International Accounting and Finance,3,0,2,4,,2024 BCOM IAF FINAL.pdf
2024,UCD24S01J,Verbal Ability and Skill Development,1,BCOM,International Accounting and Finance,1,0,2,2,,2024 BCOM IAF FINAL.pdf
2024,,Total,1,BCOM,International Accounting and Finance,14,0,13,20,no_code_placeholder,2024 BCOM IAF FINAL.pdf
2024,ULT24AE2J,Tamil – II,2,BCOM,International Accounting and Finance,2,0,2,3,,2024 BCOM IAF FINAL.pdf
2024,ULH24AE2J,Hindi – II,2,BCOM,International Accounting and Finance,,,,,ltpc_shared_with_group,2024 BCOM IAF FINAL.pdf
2024,ULF24AE2J,French – II,2,BCOM,International Accounting and Finance,,,,,ltpc_shared_with_group,2024 BCOM IAF FINAL.pdf
2024,UIA24201J,Financial Reporting,2,BCOM,International Accounting and Finance,3,0,3,4,,2024 BCOM IAF FINAL.pdf
2024,UIA24202J,Audit and Assurance,2,BCOM,International Accounting and Finance,3,0,3,4,,2024 BCOM IAF FINAL.pdf
2024,UIA24203J,Performance Management,2,BCOM,International Accounting and Finance,3,0,2,4,,2024 BCOM IAF FINAL.pdf
2024,UCD24V01T,Essentials of Artificial Intelligence,2,BCOM,International Accounting and Finance,1,0,0,1,,2024 BCOM IAF FINAL.pdf
2024,,Multidisciplinary Courses – I,2,BCOM,International Accounting and Finance,,,,3,no_code_placeholder,2024 BCOM IAF FINAL.pdf
2024,UCD24S02L,Quantitative Aptitude and Logical Reasoning,2,BCOM,International Accounting and Finance,0,0,2,1,,2024 BCOM IAF FINAL.pdf
2024,UNS24Y01L,NSS,2,BCOM,International Accounting and Finance,0,0,0,0,,2024 BCOM IAF FINAL.pdf
2024,UNC24Y01L,NCC,2,BCOM,International Accounting and Finance,,,,,ltpc_shared_with_group,2024 BCOM IAF FINAL.pdf
2024,UNO24Y01L,NSO,2,BCOM,International Accounting and Finance,,,,,ltpc_shared_with_group,2024 BCOM IAF FINAL.pdf
2024,UYG24Y01L,YOGA,2,BCOM,International Accounting and Finance,,,,,ltpc_shared_with_group,2024 BCOM IAF FINAL.pdf
2024,,Total,2,BCOM,International Accounting and Finance,15,0,12,20,no_code_placeholder,2024 BCOM IAF FINAL.pdf
2024,UIA24301J,Financial Management,3,BCOM,International Accounting and Finance,3,0,3,4,,2024 BCOM IAF FINAL.pdf
2024,UCM24302J,Income Tax Law and Practice,3,BCOM,International Accounting and Finance,3,0,3,4,,2024 BCOM IAF FINAL.pdf
2024,UIA24303J,Advanced Performance Management,3,BCOM,International Accounting and Finance,3,0,3,4,,2024 BCOM IAF FINAL.pdf
2024,,Minor Elective – I,3,BCOM,International Accounting and Finance,,,,4,no_code_placeholder,2024 BCOM IAF FINAL.pdf
2024,UCM24P01L,Internship – I,3,BCOM,International Accounting and Finance,0,0,0,1,,2024 BCOM IAF FINAL.pdf
2024,,Multidisciplinary Course – II,3,BCOM,International Accounting and Finance,,,,3,no_code_placeholder,2024 BCOM IAF FINAL.pdf
2024,UIA24401J,Strategic Business Leader,4,BCOM,International Accounting and Finance,3,0,3,4,,2024 BCOM IAF FINAL.pdf
2024,UIA24D01J,Strategic Business Reporting,4,BCOM,International Accounting and Finance,3,0,3,4,,2024 BCOM IAF FINAL.pdf
2024,UIA24D02J,Marketing Management,4,BCOM,International Accounting and Finance,,,,,ltpc_shared_with_group,2024 BCOM IAF FINAL.pdf
2024,,Minor Elective – II,4,BCOM,International Accounting and Finance,,,,4,no_code_placeholder,2024 BCOM IAF FINAL.pdf
2024,,Minor Elective – III,4,BCOM,International Accounting and Finance,,,,4,no_code_placeholder,2024 BCOM IAF FINAL.pdf
2024,UEN24S01L,Communication Skills,4,BCOM,International Accounting and Finance,0,0,4,2,,2024 BCOM IAF FINAL.pdf
2024,UCD24S03J,Industry Oriented Employability and Leadership Skills,4,BCOM,International Accounting and Finance,1,0,2,2,,2024 BCOM IAF FINAL.pdf
2024,UMI24Y01L,My India Project,4,BCOM,International Accounting and Finance,0,0,0,0,,2024 BCOM IAF FINAL.pdf
2024,,Total,4,BCOM,International Accounting and Finance,15,0,12,20,no_code_placeholder,2024 BCOM IAF FINAL.pdf
2024,UMS24D03J,Quantitative Techniques for Business Decision,5,BCOM,International Accounting and Finance,3,0,3,4,,2024 BCOM IAF FINAL.pdf
2024,UMS24D04J,Operations Research,5,BCOM,International Accounting and Finance,,,,,ltpc_shared_with_group,2024 BCOM IAF FINAL.pdf
2024,UIA24D05J,Advanced Financial Management,5,BCOM,International Accounting and Finance,3,0,3,4,,2024 BCOM IAF FINAL.pdf
2024,UIA24D06J,Fundamentals in Stock Market,5,BCOM,International Accounting and Finance,,,,,ltpc_shared_with_group,2024 BCOM IAF FINAL.pdf
2024,,Minor Elective – III,5,BCOM,International Accounting and Finance,,,,4,no_code_placeholder,2024 BCOM IAF FINAL.pdf
2024,,Multidisciplinary Courses – VI,5,BCOM,International Accounting and Finance,,,,3,no_code_placeholder,2024 BCOM IAF FINAL.pdf
2024,UES24V01T,Environmental Studies,5,BCOM,International Accounting and Finance,2,0,0,2,,2024 BCOM IAF FINAL.pdf
2024,UCD24S04J,Career Readiness and Professional Skills,5,BCOM,International Accounting and Finance,1,0,2,2,,2024 BCOM IAF FINAL.pdf
2024,UCM24P02L,Internship – II,5,BCOM,International Accounting and Finance,0,0,0,1,,2024 BCOM IAF FINAL.pdf
2024,,Total,5,BCOM,International Accounting and Finance,14,0,13,20,no_code_placeholder,2024 BCOM IAF FINAL.pdf
2024,UIA24D07J,Business Law,6,BCOM,International Accounting and Finance,3,0,3,4,,2024 BCOM IAF FINAL.pdf
2024,UIA24D08J,Logistics and Supply Chain Management,6,BCOM,International Accounting and Finance,,,,,ltpc_shared_with_group,2024 BCOM IAF FINAL.pdf
2024,UCM24D09J,Human Resource Management,6,BCOM,International Accounting and Finance,3,0,3,4,,2024 BCOM IAF FINAL.pdf
2024,UIA24D10J,E - Governance,6,BCOM,International Accounting and Finance,,,,,ltpc_shared_with_group,2024 BCOM IAF FINAL.pdf
2024,,Minor Elective – V,6,BCOM,International Accounting and Finance,,,,4,no_code_placeholder,2024 BCOM IAF FINAL.pdf
2024,,Minor Elective – VI,6,BCOM,International Accounting and Finance,,,,4,no_code_placeholder,2024 BCOM IAF FINAL.pdf
2024,UCM24P03L,Project Work,6,BCOM,International Accounting and Finance,0,0,4,2,,2024 BCOM IAF FINAL.pdf
2024,UCD24V02T,Universal Human Values,6,BCOM,International Accounting and Finance,2,0,0,2,,2024 BCOM IAF FINAL.pdf
2024,,Total,6,BCOM,International Accounting and Finance,15,0,12,20,no_code_placeholder,2024 BCOM IAF FINAL.pdf
2024,UIA24D11J,Retail Marketing,7,BCOM,International Accounting and Finance,3,0,3,4,,2024 BCOM IAF FINAL.pdf
2024,UIA24D12J,Company Law,7,BCOM,International Accounting and Finance,,,,,ltpc_shared_with_group,2024 BCOM IAF FINAL.pdf
2024,UCM24D13J,Business Research Methods,7,BCOM,International Accounting and Finance,3,0,3,4,,2024 BCOM IAF FINAL.pdf
2024,UCM24D14J,Essentials of Insurance,7,BCOM,International Accounting and Finance,,,,,ltpc_shared_with_group,2024 BCOM IAF FINAL.pdf
2024,UCM24D15J,Entrepreneurial Development,7,BCOM,International Accounting and Finance,3,0,3,4,,2024 BCOM IAF FINAL.pdf
2024,UCM24D16J,Service and Relationship Marketing,7,BCOM,International Accounting and Finance,,,,,ltpc_shared_with_group,2024 BCOM IAF FINAL.pdf
2024,,Minor Elective – VII,7,BCOM,International Accounting and Finance,,,,4,no_code_placeholder,2024 BCOM IAF FINAL.pdf
2024,,Minor Elective – VIII,7,BCOM,International Accounting and Finance,,,,4,no_code_placeholder,2024 BCOM IAF FINAL.pdf
2024,,Total,7,BCOM,International Accounting and Finance,16,0,11,20,no_code_placeholder,2024 BCOM IAF FINAL.pdf
2024,UCM24D17T,Research and Publication Ethics,8,BCOM,International Accounting and Finance,4,0,0,4,,2024 BCOM IAF FINAL.pdf
2024,UIA24D18T,Strategic Management,8,BCOM,International Accounting and Finance,,,,,ltpc_shared_with_group,2024 BCOM IAF FINAL.pdf
2024,UCM24D19T,International Marketing,8,BCOM,International Accounting and Finance,4,0,0,4,,2024 BCOM IAF FINAL.pdf
2024,UCM24D20T,Business Environment,8,BCOM,International Accounting and Finance,,,,,ltpc_shared_with_group,2024 BCOM IAF FINAL.pdf
2024,UCM24P04L,Research Project and Dissertation,8,BCOM,International Accounting and Finance,0,0,24,12,,2024 BCOM IAF FINAL.pdf
2024,UCM24P05L,Professional Internship,8,BCOM,International Accounting and Finance,,,,,ltpc_shared_with_group,2024 BCOM IAF FINAL.pdf
2024,ULT24AE1J,Tamil – I,1,BCOM,Information System Management,2,0,2,3,,2024 BCOM ISM FINAL.pdf
2024,ULH24AE1J,Hindi – I,1,BCOM,Information System Management,,,,,ltpc_shared_with_group,2024 BCOM ISM FINAL.pdf
2024,ULF24AE1J,French – I,1,BCOM,Information System Management,,,,,ltpc_shared_with_group,2024 BCOM ISM FINAL.pdf
2024,ULE24AE1J,English,1,BCOM,Information System Management,2,0,2,3,,2024 BCOM ISM FINAL.pdf
2024,UCM24101J,Accounting for Business,1,BCOM,Information System Management,3,0,3,4,,2024 BCOM ISM FINAL.pdf
2024,UCM24102J,Business Management,1,BCOM,Information System Management,3,0,2,4,,2024 BCOM ISM FINAL.pdf
2024,UIS24101J,Information Technology,1,BCOM,Information System Management,3,0,2,4,,2024 BCOM ISM FINAL.pdf
2024,UCD24S01J,Verbal Ability and Skill Development,1,BCOM,Information System Management,1,0,2,2,,2024 BCOM ISM FINAL.pdf
2024,ULT24AE2J,Tamil – II,2,BCOM,Information System Management,2,0,2,3,,2024 BCOM ISM FINAL.pdf
2024,ULH24AE2J,Hindi – II,2,BCOM,Information System Management,,,,,ltpc_shared_with_group,2024 BCOM ISM FINAL.pdf
2024,ULF24AE2J,French – II,2,BCOM,Information System Management,,,,,ltpc_shared_with_group,2024 BCOM ISM FINAL.pdf
2024,UCM24201J,Basics of Company Accounts,2,BCOM,Information System Management,3,0,3,4,,2024 BCOM ISM FINAL.pdf
2024,UCM24202J,Banking Law and Practices,2,BCOM,Information System Management,3,0,3,4,,2024 BCOM ISM FINAL.pdf
2024,UIS24201J,Management Information System,2,BCOM,Information System Management,3,0,2,4,,2024 BCOM ISM FINAL.pdf
2024,UCD24V01T,Essentials of Artificial Intelligence,2,BCOM,Information System Management,1,0,0,1,,2024 BCOM ISM FINAL.pdf
2024,,Multidisciplinary Course – I,2,BCOM,Information System Management,,,,3,no_code_placeholder,2024 BCOM ISM FINAL.pdf
2024,UCD24S02L,Quantitative Aptitude and Logical Reasoning,2,BCOM,Information System Management,0,0,2,1,,2024 BCOM ISM FINAL.pdf
2024,UNS24Y01L,NSS,2,BCOM,Information System Management,0,0,0,0,,2024 BCOM ISM FINAL.pdf
2024,UNC24Y01L,NCC,2,BCOM,Information System Management,,,,,ltpc_shared_with_group,2024 BCOM ISM FINAL.pdf
2024,UNO24Y01L,NSO,2,BCOM,Information System Management,,,,,ltpc_shared_with_group,2024 BCOM ISM FINAL.pdf
2024,UYG24Y01L,YOGA,2,BCOM,Information System Management,,,,,ltpc_shared_with_group,2024 BCOM ISM FINAL.pdf
2024,UCM24301J,Basics of Cost Accounting,3,BCOM,Information System Management,3,0,3,4,,2024 BCOM ISM FINAL.pdf
2024,UCM24302J,Income Tax Law and Practice,3,BCOM,Information System Management,3,0,3,4,,2024 BCOM ISM FINAL.pdf
2024,UIS24301J,Database Management System,3,BCOM,Information System Management,3,0,2,4,,2024 BCOM ISM FINAL.pdf
2024,,Minor Elective – I,3,BCOM,Information System Management,,,,4,no_code_placeholder,2024 BCOM ISM FINAL.pdf
2024,UCM24P01L,Internship – I,3,BCOM,Information System Management,0,0,0,1,,2024 BCOM ISM FINAL.pdf
2024,,Multidisciplinary Course – II,3,BCOM,Information System Management,,,,3,no_code_placeholder,2024 BCOM ISM FINAL.pdf
2024,UCM24401J,Tax Procedure and Implementation,4,BCOM,Information System Management,3,0,3,4,,2024 BCOM ISM FINAL.pdf
2024,UIS24D01J,Java Programming,4,BCOM,Information System Management,3,0,2,4,,2024 BCOM ISM FINAL.pdf
2024,UIS24D02J,Internet Concepts,4,BCOM,Information System Management,,,,,ltpc_shared_with_group,2024 BCOM ISM FINAL.pdf
2024,,Minor Elective – II,4,BCOM,Information System Management,,,,4,no_code_placeholder,2024 BCOM ISM FINAL.pdf
2024,,Minor Elective – III,4,BCOM,Information System Management,,,,4,no_code_placeholder,2024 BCOM ISM FINAL.pdf
2024,UEN24S01L,Communication Skills,4,BCOM,Information System Management,0,0,4,2,,2024 BCOM ISM FINAL.pdf
2024,UCD24S03J,Industry Oriented Employability and Leadership Skills,4,BCOM,Information System Management,1,0,2,2,,2024 BCOM ISM FINAL.pdf
2024,UMI24Y01L,My India Project,4,BCOM,Information System Management,0,0,0,0,,2024 BCOM ISM FINAL.pdf
2024,UMS24D03J,Quantitative Techniques for Business Decision,5,BCOM,Information System Management,3,0,3,4,,2024 BCOM ISM FINAL.pdf
2024,UMS24D04J,Operations Research,5,BCOM,Information System Management,,,,,ltpc_shared_with_group,2024 BCOM ISM FINAL.pdf
2024,UIS24D05J,Multimedia Design,5,BCOM,Information System Management,3,0,2,4,,2024 BCOM ISM FINAL.pdf
2024,UIS24D06J,Scripting Language,5,BCOM,Information System Management,,,,,ltpc_shared_with_group,2024 BCOM ISM FINAL.pdf
2024,,Minor Elective – IV,5,BCOM,Information System Management,,,,4,no_code_placeholder,2024 BCOM ISM FINAL.pdf
2024,,Multidisciplinary Courses - III,5,BCOM,Information System Management,,,,3,no_code_placeholder,2024 BCOM ISM FINAL.pdf
2024,UES24V01T,Environmental Studies,5,BCOM,Information System Management,2,0,0,2,,2024 BCOM ISM FINAL.pdf
2024,UCD24S04J,Career Readiness and Professional Skills,5,BCOM,Information System Management,1,0,2,2,,2024 BCOM ISM FINAL.pdf
2024,UCM24P02L,Internship – II,5,BCOM,Information System Management,0,0,0,1,,2024 BCOM ISM FINAL.pdf
2024,UCM24D07J,Practical Auditing,6,BCOM,Information System Management,3,0,3,4,,2024 BCOM ISM FINAL.pdf
2024,UCM24D08J,Advertisement and Sales Management,6,BCOM,Information System Management,,,,,ltpc_shared_with_group,2024 BCOM ISM FINAL.pdf
2024,UCM24D09J,Human Resource Management,6,BCOM,Information System Management,3,0,3,4,,2024 BCOM ISM FINAL.pdf
2024,UCM24D10J,Customer Relationship Management,6,BCOM,Information System Management,,,,,ltpc_shared_with_group,2024 BCOM ISM FINAL.pdf
2024,,Minor Elective – V,6,BCOM,Information System Management,,,,4,no_code_placeholder,2024 BCOM ISM FINAL.pdf
2024,,Minor Elective – VI,6,BCOM,Information System Management,,,,4,no_code_placeholder,2024 BCOM ISM FINAL.pdf
2024,UCM24P03L,Project Work,6,BCOM,Information System Management,0,0,4,2,,2024 BCOM ISM FINAL.pdf
2024,UCD24V02T,Universal Human Values,6,BCOM,Information System Management,2,0,0,2,,2024 BCOM ISM FINAL.pdf
2024,UIS24D11J,Software Engineering,7,BCOM,Information System Management,3,0,2,4,,2024 BCOM ISM FINAL.pdf
2024,UIS24D12J,R Programming,7,BCOM,Information System Management,,,,,ltpc_shared_with_group,2024 BCOM ISM FINAL.pdf
2024,UCM24D13J,Business Research Methods,7,BCOM,Information System Management,3,0,3,4,,2024 BCOM ISM FINAL.pdf
2024,UCM24D14J,Essentials of Insurance,7,BCOM,Information System Management,,,,,ltpc_shared_with_group,2024 BCOM ISM FINAL.pdf
2024,UCM24D15J,Entrepreneurial Development,7,BCOM,Information System Management,3,0,3,4,,2024 BCOM ISM FINAL.pdf
2024,UCM24D16J,Service and Relationship Marketing,7,BCOM,Information System Management,,,,,ltpc_shared_with_group,2024 BCOM ISM FINAL.pdf
2024,,Minor Elective – VII,7,BCOM,Information System Management,,,,4,no_code_placeholder,2024 BCOM ISM FINAL.pdf
2024,,Minor Elective – VIII,7,BCOM,Information System Management,,,,4,no_code_placeholder,2024 BCOM ISM FINAL.pdf
2024,UCM24D17T,Research and Publication Ethics,8,BCOM,Information System Management,4,0,0,4,,2024 BCOM ISM FINAL.pdf
2024,UCM24D18T,GST Procedures and Practices,8,BCOM,Information System Management,,,,,ltpc_shared_with_group,2024 BCOM ISM FINAL.pdf
2024,UCM24D19T,International Marketing,8,BCOM,Information System Management,4,0,0,4,,2024 BCOM ISM FINAL.pdf
2024,UCM24D20T,Business Environment,8,BCOM,Information System Management,,,,,ltpc_shared_with_group,2024 BCOM ISM FINAL.pdf
2024,UCM24P04L,Research Project and Dissertation,8,BCOM,Information System Management,0,0,24,12,,2024 BCOM ISM FINAL.pdf
2024,UCM24P05L,Professional Internship,8,BCOM,Information System Management,,,,,ltpc_shared_with_group,2024 BCOM ISM FINAL.pdf
2024,ULT24AE1J,Tamil – I,1,BCOM,Professional Accounting,2,0,2,3,,2024 BCOM PA FINAL.pdf
2024,ULH24AE1J,Hindi – I,1,BCOM,Professional Accounting,,,,,ltpc_shared_with_group,2024 BCOM PA FINAL.pdf
2024,ULF24AE1J,French – I,1,BCOM,Professional Accounting,,,,,ltpc_shared_with_group,2024 BCOM PA FINAL.pdf
2024,ULE24AE1J,English,1,BCOM,Professional Accounting,2,0,2,3,,2024 BCOM PA FINAL.pdf
2024,UPA24101J,Financial Accounting,1,BCOM,Professional Accounting,3,0,3,4,,2024 BCOM PA FINAL.pdf
2024,UCM24102J,Business Management,1,BCOM,Professional Accounting,3,0,2,4,,2024 BCOM PA FINAL.pdf
2024,UPA24103J,Cost Accounting,1,BCOM,Professional Accounting,3,0,2,4,,2024 BCOM PA FINAL.pdf
2024,UCD24S01J,Verbal Ability and Skill Development,1,BCOM,Professional Accounting,1,0,2,2,,2024 BCOM PA FINAL.pdf
2024,ULT24AE2J,Tamil – II,2,BCOM,Professional Accounting,2,0,2,3,,2024 BCOM PA FINAL.pdf
2024,ULH24AE2J,Hindi – II,2,BCOM,Professional Accounting,,,,,ltpc_shared_with_group,2024 BCOM PA FINAL.pdf
2024,ULF24AE2J,French – II,2,BCOM,Professional Accounting,,,,,ltpc_shared_with_group,2024 BCOM PA FINAL.pdf
2024,UPA24201J,Financial Reporting,2,BCOM,Professional Accounting,3,0,3,4,,2024 BCOM PA FINAL.pdf
2024,UPA24202J,Management Accounting – I,2,BCOM,Professional Accounting,3,0,3,4,,2024 BCOM PA FINAL.pdf
2024,UPA24203J,Risk Management,2,BCOM,Professional Accounting,3,0,2,4,,2024 BCOM PA FINAL.pdf
2024,UCD24V01T,Essentials of Artificial Intelligence,2,BCOM,Professional Accounting,1,0,0,1,,2024 BCOM PA FINAL.pdf
2024,,Multidisciplinary – I,2,BCOM,Professional Accounting,,,,3,no_code_placeholder,2024 BCOM PA FINAL.pdf
2024,UCD24S02L,Quantitative Aptitude and Logical Reasoning,2,BCOM,Professional Accounting,0,0,2,1,,2024 BCOM PA FINAL.pdf
2024,UNS24Y01L,NSS,2,BCOM,Professional Accounting,0,0,0,0,,2024 BCOM PA FINAL.pdf
2024,UNC24Y01L,NCC,2,BCOM,Professional Accounting,,,,,ltpc_shared_with_group,2024 BCOM PA FINAL.pdf
2024,UNO24Y01L,NSO,2,BCOM,Professional Accounting,,,,,ltpc_shared_with_group,2024 BCOM PA FINAL.pdf
2024,UYG24Y01L,YOGA,2,BCOM,Professional Accounting,,,,,ltpc_shared_with_group,2024 BCOM PA FINAL.pdf
2024,UPA24301J,Advanced Financial Reporting,3,BCOM,Professional Accounting,3,0,3,4,,2024 BCOM PA FINAL.pdf
2024,UCM24302J,Income Tax Law and Practice,3,BCOM,Professional Accounting,3,0,3,4,,2024 BCOM PA FINAL.pdf
2024,UPA24303J,Management Accounting – II,3,BCOM,Professional Accounting,3,0,3,4,,2024 BCOM PA FINAL.pdf
2024,,Minor Elective – I,3,BCOM,Professional Accounting,,,,4,no_code_placeholder,2024 BCOM PA FINAL.pdf
2024,UCM24P01L,Internship – I,3,BCOM,Professional Accounting,0,0,0,1,,2024 BCOM PA FINAL.pdf
2024,,Multidisciplinary Course – II,3,BCOM,Professional Accounting,,,,3,no_code_placeholder,2024 BCOM PA FINAL.pdf
2024,UPA24401J,Financial Strategy,4,BCOM,Professional Accounting,3,0,3,4,,2024 BCOM PA FINAL.pdf
2024,UPA24D01J,Strategic Management,4,BCOM,Professional Accounting,3,0,3,4,,2024 BCOM PA FINAL.pdf
2024,UCM24D02J,Business Law,4,BCOM,Professional Accounting,,,,,ltpc_shared_with_group,2024 BCOM PA FINAL.pdf
2024,,Minor Elective – II,4,BCOM,Professional Accounting,,,,4,no_code_placeholder,2024 BCOM PA FINAL.pdf
2024,,Minor Elective – III,4,BCOM,Professional Accounting,,,,4,no_code_placeholder,2024 BCOM PA FINAL.pdf
2024,UEN24S01L,Communication Skills,4,BCOM,Professional Accounting,0,0,4,2,,2024 BCOM PA FINAL.pdf
2024,UCD24S03J,Industry Oriented Employability and Leadership Skills,4,BCOM,Professional Accounting,1,0,2,2,,2024 BCOM PA FINAL.pdf
2024,UMI24Y01L,My India Project,4,BCOM,Professional Accounting,0,0,0,0,,2024 BCOM PA FINAL.pdf
2024,UMS24D03J,Quantitative Techniques for Business Decision,5,BCOM,Professional Accounting,3,0,3,4,,2024 BCOM PA FINAL.pdf
2024,UMS24D04J,Operations Research,5,BCOM,Professional Accounting,,,,,ltpc_shared_with_group,2024 BCOM PA FINAL.pdf
2024,UCM24D05J,Financial Management,5,BCOM,Professional Accounting,3,0,3,4,,2024 BCOM PA FINAL.pdf
2024,UPA24D06J,Fundamentals in Stock Market,5,BCOM,Professional Accounting,,,,,ltpc_shared_with_group,2024 BCOM PA FINAL.pdf
2024,,Minor Elective – IV,5,BCOM,Professional Accounting,,,,4,no_code_placeholder,2024 BCOM PA FINAL.pdf
2024,,Multidisciplinary - III,5,BCOM,Professional Accounting,,,,3,no_code_placeholder,2024 BCOM PA FINAL.pdf
2024,UES24V01T,Environmental Studies,5,BCOM,Professional Accounting,2,0,0,2,,2024 BCOM PA FINAL.pdf
2024,UCD24S04J,Career Readiness and Professional Skills,5,BCOM,Professional Accounting,1,0,2,2,,2024 BCOM PA FINAL.pdf
2024,UCM24P02L,Internship – II,5,BCOM,Professional Accounting,0,0,0,1,,2024 BCOM PA FINAL.pdf
2024,UPA24D07J,Marketing Management,6,BCOM,Professional Accounting,3,0,3,4,,2024 BCOM PA FINAL.pdf
2024,UPA24D08J,Logistics and Supply Chain Management,6,BCOM,Professional Accounting,,,,,ltpc_shared_with_group,2024 BCOM PA FINAL.pdf
2024,UCM24D09J,Human Resource Management,6,BCOM,Professional Accounting,3,0,3,4,,2024 BCOM PA FINAL.pdf
2024,UPA24D10J,E - Governance,6,BCOM,Professional Accounting,,,,,ltpc_shared_with_group,2024 BCOM PA FINAL.pdf
2024,,Minor Elective – V,6,BCOM,Professional Accounting,,,,4,no_code_placeholder,2024 BCOM PA FINAL.pdf
2024,,Minor Elective – VI,6,BCOM,Professional Accounting,,,,4,no_code_placeholder,2024 BCOM PA FINAL.pdf
2024,UCM24P03L,Project Work,6,BCOM,Professional Accounting,0,0,4,2,,2024 BCOM PA FINAL.pdf
2024,UCD24V02T,Universal Human Values,6,BCOM,Professional Accounting,2,0,0,2,,2024 BCOM PA FINAL.pdf
2024,UPA24D11J,Retail Marketing,7,BCOM,Professional Accounting,3,0,3,4,,2024 BCOM PA FINAL.pdf
2024,UPA24D12J,Company Law,7,BCOM,Professional Accounting,,,,,ltpc_shared_with_group,2024 BCOM PA FINAL.pdf
2024,UCM24D13J,Business Research Methods,7,BCOM,Professional Accounting,3,0,3,4,,2024 BCOM PA FINAL.pdf
2024,UCM24D14J,Essentials of Insurance,7,BCOM,Professional Accounting,,,,,ltpc_shared_with_group,2024 BCOM PA FINAL.pdf
2024,UCM24D15J,Entrepreneurial Development,7,BCOM,Professional Accounting,3,0,3,4,,2024 BCOM PA FINAL.pdf
2024,UCM24D16J,Service and Relationship Marketing,7,BCOM,Professional Accounting,,,,,ltpc_shared_with_group,2024 BCOM PA FINAL.pdf
2024,,Minor Elective – VII,7,BCOM,Professional Accounting,,,,4,no_code_placeholder,2024 BCOM PA FINAL.pdf
2024,,Minor Elective – VIII,7,BCOM,Professional Accounting,,,,4,no_code_placeholder,2024 BCOM PA FINAL.pdf
2024,UCM24D17T,Research and Publication Ethics,8,BCOM,Professional Accounting,4,0,0,4,,2024 BCOM PA FINAL.pdf
2024,UPA24D18T,Advanced Auditing,8,BCOM,Professional Accounting,,,,,ltpc_shared_with_group,2024 BCOM PA FINAL.pdf
2024,UCM24D19T,International Marketing,8,BCOM,Professional Accounting,4,0,0,4,,2024 BCOM PA FINAL.pdf
2024,UCM24D20T,Business Environment,8,BCOM,Professional Accounting,,,,,ltpc_shared_with_group,2024 BCOM PA FINAL.pdf
2024,UCM24P04L,Research Project and Dissertation,8,BCOM,Professional Accounting,0,0,24,12,,2024 BCOM PA FINAL.pdf
2024,UCM24P05L,Professional Internship,8,BCOM,Professional Accounting,,,,,ltpc_shared_with_group,2024 BCOM PA FINAL.pdf
2024,ULT24AE1J,Tamil – I,1,BCOM,Strategic Finance,2,0,2,3,,2024 BCOM SF FINAL.pdf
2024,ULH24AE1J,Hindi – I,1,BCOM,Strategic Finance,,,,,ltpc_shared_with_group,2024 BCOM SF FINAL.pdf
2024,ULF24AE1J,French – I,1,BCOM,Strategic Finance,,,,,ltpc_shared_with_group,2024 BCOM SF FINAL.pdf
2024,ULE24AE1J,English,1,BCOM,Strategic Finance,2,0,2,3,,2024 BCOM SF FINAL.pdf
2024,USF24101J,International Financial Reporting,1,BCOM,Strategic Finance,3,0,3,4,,2024 BCOM SF FINAL.pdf
2024,UCM24102J,Business Management,1,BCOM,Strategic Finance,3,0,2,4,,2024 BCOM SF FINAL.pdf
2024,USF24103J,Financial Analytics and Control - I,1,BCOM,Strategic Finance,3,0,2,4,,2024 BCOM SF FINAL.pdf
2024,UCD24S01J,Verbal Ability and Skill Development,1,BCOM,Strategic Finance,1,0,2,2,,2024 BCOM SF FINAL.pdf
2024,ULT24AE2J,Tamil – II,2,BCOM,Strategic Finance,2,0,2,3,,2024 BCOM SF FINAL.pdf
2024,ULH24AE2J,Hindi – II,2,BCOM,Strategic Finance,,,,,ltpc_shared_with_group,2024 BCOM SF FINAL.pdf
2024,ULF24AE2J,French – II,2,BCOM,Strategic Finance,,,,,ltpc_shared_with_group,2024 BCOM SF FINAL.pdf
2024,USF24201J,Financial Analytics and Control – II,2,BCOM,Strategic Finance,3,0,3,4,,2024 BCOM SF FINAL.pdf
2024,USF24202J,Financial Planning and Performance - I,2,BCOM,Strategic Finance,3,0,3,4,,2024 BCOM SF FINAL.pdf
2024,USF24203J,Strategic Financial Management,2,BCOM,Strategic Finance,3,0,2,4,,2024 BCOM SF FINAL.pdf
2024,UCD24V01T,Essentials of Artificial Intelligence,2,BCOM,Strategic Finance,1,0,0,1,,2024 BCOM SF FINAL.pdf
2024,,Multidisciplinary Course – I,2,BCOM,Strategic Finance,,,,3,no_code_placeholder,2024 BCOM SF FINAL.pdf
2024,UCD24S02L,Quantitative Aptitude and Logical Reasoning,2,BCOM,Strategic Finance,0,0,2,1,,2024 BCOM SF FINAL.pdf
2024,UNS24Y01L,NSS,2,BCOM,Strategic Finance,0,0,0,0,,2024 BCOM SF FINAL.pdf
2024,UNC24Y01L,NCC,2,BCOM,Strategic Finance,,,,,ltpc_shared_with_group,2024 BCOM SF FINAL.pdf
2024,UNO24Y01L,NSO,2,BCOM,Strategic Finance,,,,,ltpc_shared_with_group,2024 BCOM SF FINAL.pdf
2024,UYG24Y01L,YOGA,2,BCOM,Strategic Finance,,,,,ltpc_shared_with_group,2024 BCOM SF FINAL.pdf
2024,USF24301J,Financial Planning and Performance - II,3,BCOM,Strategic Finance,3,0,3,4,,2024 BCOM SF FINAL.pdf
2024,USF24302J,Financial Decision Making – I,3,BCOM,Strategic Finance,3,0,3,4,,2024 BCOM SF FINAL.pdf
2024,UCM24303J,Principles of Marketing,3,BCOM,Strategic Finance,3,0,3,4,,2024 BCOM SF FINAL.pdf
2024,,Minor Elective – I,3,BCOM,Strategic Finance,,,,4,no_code_placeholder,2024 BCOM SF FINAL.pdf
2024,UCM24P01L,Internship – I,3,BCOM,Strategic Finance,0,0,0,1,,2024 BCOM SF FINAL.pdf
2024,,Multidisciplinary Course – II,3,BCOM,Strategic Finance,,,,3,no_code_placeholder,2024 BCOM SF FINAL.pdf
2024,USF24401J,Financial Decision Making - II,4,BCOM,Strategic Finance,3,0,3,4,,2024 BCOM SF FINAL.pdf
2024,UCM24D01J,Management Accounting,4,BCOM,Strategic Finance,3,0,3,4,,2024 BCOM SF FINAL.pdf
2024,UCM24D02J,Business Law,4,BCOM,Strategic Finance,,,,,ltpc_shared_with_group,2024 BCOM SF FINAL.pdf
2024,,Minor Elective – II,4,BCOM,Strategic Finance,,,,4,no_code_placeholder,2024 BCOM SF FINAL.pdf
2024,,Minor Elective – III,4,BCOM,Strategic Finance,,,,4,no_code_placeholder,2024 BCOM SF FINAL.pdf
2024,UEN24S01L,Communication Skills,4,BCOM,Strategic Finance,0,0,4,2,,2024 BCOM SF FINAL.pdf
2024,UCD24S03J,Industry Oriented Employability and Leadership Skills,4,BCOM,Strategic Finance,1,0,2,2,,2024 BCOM SF FINAL.pdf
2024,UMI24Y01L,My India Project,4,BCOM,Strategic Finance,0,0,0,0,,2024 BCOM SF FINAL.pdf
2024,UMS24D03J,Quantitative Techniques for Business Decision,5,BCOM,Strategic Finance,3,0,3,4,,2024 BCOM SF FINAL.pdf
2024,UMS24D04J,Operations Research,5,BCOM,Strategic Finance,,,,,ltpc_shared_with_group,2024 BCOM SF FINAL.pdf
2024,UCM24D05J,Financial Management,5,BCOM,Strategic Finance,3,0,3,4,,2024 BCOM SF FINAL.pdf
2024,UCM24D06J,Total Quality Management,5,BCOM,Strategic Finance,,,,,ltpc_shared_with_group,2024 BCOM SF FINAL.pdf
2024,,Minor Elective – IV,5,BCOM,Strategic Finance,,,,4,no_code_placeholder,2024 BCOM SF FINAL.pdf
2024,,Multidisciplinary Course – II,5,BCOM,Strategic Finance,,,,3,no_code_placeholder,2024 BCOM SF FINAL.pdf
2024,UES24V01T,Environmental Studies,5,BCOM,Strategic Finance,2,0,0,2,,2024 BCOM SF FINAL.pdf
2024,UCD24S04J,Career Readiness and Professional Skills,5,BCOM,Strategic Finance,1,0,2,2,,2024 BCOM SF FINAL.pdf
2024,UCM24P02L,Internship – II,5,BCOM,Strategic Finance,0,0,0,1,,2024 BCOM SF FINAL.pdf
2024,UCM24D07J,Practical Auditing,6,BCOM,Strategic Finance,3,0,3,4,,2024 BCOM SF FINAL.pdf
2024,UCM24D08J,Advertisement and Sales Management,6,BCOM,Strategic Finance,,,,,ltpc_shared_with_group,2024 BCOM SF FINAL.pdf
2024,UCM24D09J,Human Resource Management,6,BCOM,Strategic Finance,3,0,3,4,,2024 BCOM SF FINAL.pdf
2024,UCM24D10J,Customer Relationship Management,6,BCOM,Strategic Finance,,,,,ltpc_shared_with_group,2024 BCOM SF FINAL.pdf
2024,,Minor Elective – V,6,BCOM,Strategic Finance,,,,4,no_code_placeholder,2024 BCOM SF FINAL.pdf
2024,,Minor Elective – VI,6,BCOM,Strategic Finance,,,,4,no_code_placeholder,2024 BCOM SF FINAL.pdf
2024,UCM24P03L,Project Work,6,BCOM,Strategic Finance,0,0,4,2,,2024 BCOM SF FINAL.pdf
2024,UCD24V02T,Universal Human Values,6,BCOM,Strategic Finance,2,0,0,2,,2024 BCOM SF FINAL.pdf
2024,UCM24D11J,Advanced Cost Accounting,7,BCOM,Strategic Finance,3,0,3,4,,2024 BCOM SF FINAL.pdf
2024,UCM24D12J,Strategic Management,7,BCOM,Strategic Finance,,,,,ltpc_shared_with_group,2024 BCOM SF FINAL.pdf
2024,UCM24D13J,Business Research Methods,7,BCOM,Strategic Finance,3,0,3,4,,2024 BCOM SF FINAL.pdf
2024,UCM24D14J,Essentials of Insurance,7,BCOM,Strategic Finance,,,,,ltpc_shared_with_group,2024 BCOM SF FINAL.pdf
2024,UCM24D15J,Entrepreneurial Development,7,BCOM,Strategic Finance,3,0,3,4,,2024 BCOM SF FINAL.pdf
2024,UCM24D16J,Service and Relationship Marketing,7,BCOM,Strategic Finance,,,,,ltpc_shared_with_group,2024 BCOM SF FINAL.pdf
2024,,Minor Elective – VII,7,BCOM,Strategic Finance,,,,4,no_code_placeholder,2024 BCOM SF FINAL.pdf
2024,,Minor Elective – VIII,7,BCOM,Strategic Finance,,,,4,no_code_placeholder,2024 BCOM SF FINAL.pdf
2024,UCM24D17T,Research and Publication Ethics,8,BCOM,Strategic Finance,4,0,0,4,,2024 BCOM SF FINAL.pdf
2024,UCM24D18T,GST Procedures and Practices,8,BCOM,Strategic Finance,,,,,ltpc_shared_with_group,2024 BCOM SF FINAL.pdf
2024,UCM24D19T,International Marketing,8,BCOM,Strategic Finance,4,0,0,4,,2024 BCOM SF FINAL.pdf
2024,UCM24D20T,Business Environment,8,BCOM,Strategic Finance,,,,,ltpc_shared_with_group,2024 BCOM SF FINAL.pdf
2024,UCM24P04L,Research Project and Dissertation,8,BCOM,Strategic Finance,0,0,24,12,,2024 BCOM SF FINAL.pdf
2024,UCM24P05L,Professional Internship,8,BCOM,Strategic Finance,,,,,ltpc_shared_with_group,2024 BCOM SF FINAL.pdf
2024,ULT24AE1J,Tamil – I,1,BSc,Biotechnology,2,0,2,3,,2024 BSC BIOTECHNOLOGY FINAL.pdf
2024,ULH24AE1J,Hindi – I,1,BSc,Biotechnology,,,,,ltpc_shared_with_group,2024 BSC BIOTECHNOLOGY FINAL.pdf
2024,ULF24AE1J,French – I,1,BSc,Biotechnology,,,,,ltpc_shared_with_group,2024 BSC BIOTECHNOLOGY FINAL.pdf
2024,ULE24AE1J,English,1,BSc,Biotechnology,2,0,2,3,,2024 BSC BIOTECHNOLOGY FINAL.pdf
2024,UBT24101J,Cell Biology,1,BSc,Biotechnology,3,0,2,4,,2024 BSC BIOTECHNOLOGY FINAL.pdf
2024,UBT24102J,Microbiology,1,BSc,Biotechnology,3,0,2,4,,2024 BSC BIOTECHNOLOGY FINAL.pdf
2024,UBT24103T,Genetics,1,BSc,Biotechnology,4,0,0,4,,2024 BSC BIOTECHNOLOGY FINAL.pdf
2024,UCD24S01J,Verbal Ability and Skill Development,1,BSc,Biotechnology,1,0,2,2,,2024 BSC BIOTECHNOLOGY FINAL.pdf
2024,ULT24AE2J,Tamil – II,2,BSc,Biotechnology,2,0,2,3,,2024 BSC BIOTECHNOLOGY FINAL.pdf
2024,ULH24AE2J,Hindi – II,2,BSc,Biotechnology,,,,,ltpc_shared_with_group,2024 BSC BIOTECHNOLOGY FINAL.pdf
2024,ULF24AE2J,French – II,2,BSc,Biotechnology,,,,,ltpc_shared_with_group,2024 BSC BIOTECHNOLOGY FINAL.pdf
2024,UBT24201J,Biochemistry,2,BSc,Biotechnology,3,0,2,4,,2024 BSC BIOTECHNOLOGY FINAL.pdf
2024,UBT24202J,Molecular Biology,2,BSc,Biotechnology,3,0,2,4,,2024 BSC BIOTECHNOLOGY FINAL.pdf
2024,UBT24203T,Enzymology,2,BSc,Biotechnology,4,0,0,4,,2024 BSC BIOTECHNOLOGY FINAL.pdf
2024,UCD24V01T,Essentials of Artificial Intelligence,2,BSc,Biotechnology,1,0,0,1,,2024 BSC BIOTECHNOLOGY FINAL.pdf
2024,,Multidisciplinary Course – I,2,BSc,Biotechnology,,,,3,no_code_placeholder,2024 BSC BIOTECHNOLOGY FINAL.pdf
2024,UCD24S02L,Quantitative Aptitude and Logical Reasoning,2,BSc,Biotechnology,0,0,2,1,,2024 BSC BIOTECHNOLOGY FINAL.pdf
2024,UNS24Y01L,NSS,2,BSc,Biotechnology,0,0,0,0,,2024 BSC BIOTECHNOLOGY FINAL.pdf
2024,UNC24Y01L,NCC,2,BSc,Biotechnology,,,,,ltpc_shared_with_group,2024 BSC BIOTECHNOLOGY FINAL.pdf
2024,UNO24Y01L,NSO,2,BSc,Biotechnology,,,,,ltpc_shared_with_group,2024 BSC BIOTECHNOLOGY FINAL.pdf
2024,UYG24Y01L,YOGA,2,BSc,Biotechnology,,,,,ltpc_shared_with_group,2024 BSC BIOTECHNOLOGY FINAL.pdf
2024,UBT24301J,Genetic Engineering,3,BSc,Biotechnology,3,0,2,4,,2024 BSC BIOTECHNOLOGY FINAL.pdf
2024,UBT24302J,Computational Biology,3,BSc,Biotechnology,3,0,2,4,,2024 BSC BIOTECHNOLOGY FINAL.pdf
2024,UBT24303J,Biophysics and Bioinstrumentation,3,BSc,Biotechnology,3,0,2,4,,2024 BSC BIOTECHNOLOGY FINAL.pdf
2024,,Minor Elective - I,3,BSc,Biotechnology,,,,4,no_code_placeholder,2024 BSC BIOTECHNOLOGY FINAL.pdf
2024,UBT24P01L,Internship - I,3,BSc,Biotechnology,0,0,0,1,,2024 BSC BIOTECHNOLOGY FINAL.pdf
2024,,Multidisciplinary Course - II,3,BSc,Biotechnology,,,,3,no_code_placeholder,2024 BSC BIOTECHNOLOGY FINAL.pdf
2024,UBT24401J,Bioprocess Technology,4,BSc,Biotechnology,3,0,2,4,,2024 BSC BIOTECHNOLOGY FINAL.pdf
2024,UBT24D01T,Biostatistics,4,BSc,Biotechnology,4,0,0,4,,2024 BSC BIOTECHNOLOGY FINAL.pdf
2024,,Minor Elective - II,4,BSc,Biotechnology,,,,4,no_code_placeholder,2024 BSC BIOTECHNOLOGY FINAL.pdf
2024,,Minor Elective - III,4,BSc,Biotechnology,,,,4,no_code_placeholder,2024 BSC BIOTECHNOLOGY FINAL.pdf
2024,UEN24S01L,Communication Skills,4,BSc,Biotechnology,0,0,4,2,,2024 BSC BIOTECHNOLOGY FINAL.pdf
2024,UCD24S03J,Industry Oriented Employability and Leadership Skills,4,BSc,Biotechnology,1,0,2,2,,2024 BSC BIOTECHNOLOGY FINAL.pdf
2024,UMI24Y01L,My India Project,4,BSc,Biotechnology,0,0,0,0,,2024 BSC BIOTECHNOLOGY FINAL.pdf
2024,UBT24D02J,Food Biotechnology,5,BSc,Biotechnology,3,0,2,4,,2024 BSC BIOTECHNOLOGY FINAL.pdf
2024,UBT24D03J,Immunology,5,BSc,Biotechnology,3,0,2,4,,2024 BSC BIOTECHNOLOGY FINAL.pdf
2024,,Minor Elective - IV,5,BSc,Biotechnology,,,,4,no_code_placeholder,2024 BSC BIOTECHNOLOGY FINAL.pdf
2024,,Multidisciplinary Course - III,5,BSc,Biotechnology,,,,3,no_code_placeholder,2024 BSC BIOTECHNOLOGY FINAL.pdf
2024,UES24V01T,Environmental Studies,5,BSc,Biotechnology,2,0,0,2,,2024 BSC BIOTECHNOLOGY FINAL.pdf
2024,UCD24S04J,Career Readiness and Professional Skills,5,BSc,Biotechnology,1,0,2,2,,2024 BSC BIOTECHNOLOGY FINAL.pdf
2024,UBT24P02L,Internship – II,5,BSc,Biotechnology,0,0,0,1,,2024 BSC BIOTECHNOLOGY FINAL.pdf
2024,UBT24D04J,Plant Biotechnology,6,BSc,Biotechnology,3,0,2,4,,2024 BSC BIOTECHNOLOGY FINAL.pdf
2024,UBT24D05J,Animal Biotechnology,6,BSc,Biotechnology,3,0,2,4,,2024 BSC BIOTECHNOLOGY FINAL.pdf
2024,,Minor Elective - V,6,BSc,Biotechnology,,,,4,no_code_placeholder,2024 BSC BIOTECHNOLOGY FINAL.pdf
2024,,Minor Elective - VI,6,BSc,Biotechnology,,,,4,no_code_placeholder,2024 BSC BIOTECHNOLOGY FINAL.pdf
2024,UBT24P03L,Project Work,6,BSc,Biotechnology,0,0,4,2,,2024 BSC BIOTECHNOLOGY FINAL.pdf
2024,UCD24V02T,Universal Human Values,6,BSc,Biotechnology,2,0,0,2,,2024 BSC BIOTECHNOLOGY FINAL.pdf
2024,UBT24D06J,Cheminformatics,7,BSc,Biotechnology,3,0,2,4,,2024 BSC BIOTECHNOLOGY FINAL.pdf
2024,UBT24D07J,Nanobiotechnology,7,BSc,Biotechnology,,,,,ltpc_shared_with_group,2024 BSC BIOTECHNOLOGY FINAL.pdf
2024,UBT24D08T,Marine Biotechnology,7,BSc,Biotechnology,4,0,0,4,,2024 BSC BIOTECHNOLOGY FINAL.pdf
2024,UBT24D09T,Biofertilizer Technology,7,BSc,Biotechnology,,,,,ltpc_shared_with_group,2024 BSC BIOTECHNOLOGY FINAL.pdf
2024,UBT24D10T,Biomaterials,7,BSc,Biotechnology,4,0,0,4,,2024 BSC BIOTECHNOLOGY FINAL.pdf
2024,UBT24D11T,Bioenergy,7,BSc,Biotechnology,,,,,ltpc_shared_with_group,2024 BSC BIOTECHNOLOGY FINAL.pdf
2024,,Minor Elective - VII,7,BSc,Biotechnology,,,,4,no_code_placeholder,2024 BSC BIOTECHNOLOGY FINAL.pdf
2024,,Minor Elective - VIII,7,BSc,Biotechnology,,,,4,no_code_placeholder,2024 BSC BIOTECHNOLOGY FINAL.pdf
2024,UBT24D12T,Research Methodology,8,BSc,Biotechnology,4,0,0,4,,2024 BSC BIOTECHNOLOGY FINAL.pdf
2024,UBT24D13J,Biopython,8,BSc,Biotechnology,3,0,2,4,,2024 BSC BIOTECHNOLOGY FINAL.pdf
2024,UBT24D14J,Stem Cell Biology,8,BSc,Biotechnology,,,,,ltpc_shared_with_group,2024 BSC BIOTECHNOLOGY FINAL.pdf
2024,UBT24P04L,Research Project and Dissertation,8,BSc,Biotechnology,0,0,24,12,,2024 BSC BIOTECHNOLOGY FINAL.pdf
2024,UBT24P05L,Professional Internship,8,BSc,Biotechnology,,,,,ltpc_shared_with_group,2024 BSC BIOTECHNOLOGY FINAL.pdf
2024,ULT24AE1J,Tamil – I,1,BSc,Chemistry,2,0,2,3,,2024 BSC CHEMISTRY FINAL.pdf
2024,ULH24AE1J,Hindi – I,1,BSc,Chemistry,,,,,ltpc_shared_with_group,2024 BSC CHEMISTRY FINAL.pdf
2024,ULF24AE1J,French – I,1,BSc,Chemistry,,,,,ltpc_shared_with_group,2024 BSC CHEMISTRY FINAL.pdf
2024,ULE24AE1J,English,1,BSc,Chemistry,2,0,2,3,,2024 BSC CHEMISTRY FINAL.pdf
2024,UCY24101T,Atomic Structure and Chemical Bonding,1,BSc,Chemistry,3,1,0,4,,2024 BSC CHEMISTRY FINAL.pdf
2024,UCY24102J,Basic Reactions in Organic Chemistry,1,BSc,Chemistry,3,0,2,4,,2024 BSC CHEMISTRY FINAL.pdf
2024,UCY24103J,"States of Matter, Chemical and Phase Equilibria",1,BSc,Chemistry,3,0,2,4,,2024 BSC CHEMISTRY FINAL.pdf
2024,UCD24S01J,Verbal Ability and Skill Development,1,BSc,Chemistry,1,0,2,2,,2024 BSC CHEMISTRY FINAL.pdf
2024,ULT24AE2J,Tamil – II,2,BSc,Chemistry,2,0,2,3,,2024 BSC CHEMISTRY FINAL.pdf
2024,ULH24AE2J,Hindi – II,2,BSc,Chemistry,,,,,ltpc_shared_with_group,2024 BSC CHEMISTRY FINAL.pdf
2024,ULF24AE2J,French – II,2,BSc,Chemistry,,,,,ltpc_shared_with_group,2024 BSC CHEMISTRY FINAL.pdf
2024,UCY24201J,Chemistry of s and p - Block Elements,2,BSc,Chemistry,3,0,2,4,,2024 BSC CHEMISTRY FINAL.pdf
2024,UCY24202J,Functional Groups in Organic Chemistry and,2,BSc,Chemistry,3,0,2,4,,2024 BSC CHEMISTRY FINAL.pdf
2024,,Spectroscopy,2,BSc,Chemistry,,,,,no_code_placeholder,2024 BSC CHEMISTRY FINAL.pdf
2024,UCY24203T,Chemical Kinetics and Surface Chemistry,2,BSc,Chemistry,3,1,0,4,,2024 BSC CHEMISTRY FINAL.pdf
2024,UCD24V01T,Essentials of Artificial Intelligence,2,BSc,Chemistry,1,0,0,1,,2024 BSC CHEMISTRY FINAL.pdf
2024,,Multidisciplinary – I,2,BSc,Chemistry,3,0,0,3,no_code_placeholder,2024 BSC CHEMISTRY FINAL.pdf
2024,UCD24S02L,Quantitative Aptitude and Logical Reasoning,2,BSc,Chemistry,0,0,2,1,,2024 BSC CHEMISTRY FINAL.pdf
2024,UNS24Y01L,NSS,2,BSc,Chemistry,0,0,0,0,,2024 BSC CHEMISTRY FINAL.pdf
2024,UNC24Y01L,NCC,2,BSc,Chemistry,,,,,ltpc_shared_with_group,2024 BSC CHEMISTRY FINAL.pdf
2024,UNO24Y01L,NSO,2,BSc,Chemistry,,,,,ltpc_shared_with_group,2024 BSC CHEMISTRY FINAL.pdf
2024,UYG24Y01L,YOGA,2,BSc,Chemistry,,,,,ltpc_shared_with_group,2024 BSC CHEMISTRY FINAL.pdf
2024,UCY24301J,Transition Metals and Coordination Chemistry,3,BSc,Chemistry,3,0,2,4,,2024 BSC CHEMISTRY FINAL.pdf
2024,UCY24302T,Physical Organic Chemistry and Stereochemistry,3,BSc,Chemistry,3,1,0,4,,2024 BSC CHEMISTRY FINAL.pdf
2024,UCY24303T,Thermodynamics and Electrochemistry,3,BSc,Chemistry,3,1,0,4,,2024 BSC CHEMISTRY FINAL.pdf
2024,,Minor – I,3,BSc,Chemistry,,,,4,no_code_placeholder,2024 BSC CHEMISTRY FINAL.pdf
2024,UCY24I01L,Internship – I - - -,3,BSc,Chemistry,,,,1,ltpc_shared_with_group,2024 BSC CHEMISTRY FINAL.pdf
2024,,Multidisciplinary Course – II,3,BSc,Chemistry,,,,3,no_code_placeholder,2024 BSC CHEMISTRY FINAL.pdf
2024,UCY24401L,Physical Chemistry Practical,4,BSc,Chemistry,0,2,4,4,,2024 BSC CHEMISTRY FINAL.pdf
2024,UCY24D01T,Analytical Chemistry,4,BSc,Chemistry,3,1,0,4,,2024 BSC CHEMISTRY FINAL.pdf
2024,UCY24D02T,Nanomaterials and Nanochemistry,4,BSc,Chemistry,,,,,ltpc_shared_with_group,2024 BSC CHEMISTRY FINAL.pdf
2024,,Minor –II,4,BSc,Chemistry,,,,4,no_code_placeholder,2024 BSC CHEMISTRY FINAL.pdf
2024,,Minor - III,4,BSc,Chemistry,,,,4,no_code_placeholder,2024 BSC CHEMISTRY FINAL.pdf
2024,UEN24S01L,Communication Skills,4,BSc,Chemistry,0,0,4,2,,2024 BSC CHEMISTRY FINAL.pdf
2024,UCD24S03J,Industry Oriented Employability and Leadership Skills,4,BSc,Chemistry,1,0,2,2,,2024 BSC CHEMISTRY FINAL.pdf
2024,UMI24Y01L,My India Project,4,BSc,Chemistry,0,0,0,0,,2024 BSC CHEMISTRY FINAL.pdf
2024,UCY24D04J,Instrumental Methods of Analysis,5,BSc,Chemistry,3,0,2,4,,2024 BSC CHEMISTRY FINAL.pdf
2024,UCY24D03J,Computational Modeling in Chemistry,5,BSc,Chemistry,,,,,ltpc_shared_with_group,2024 BSC CHEMISTRY FINAL.pdf
2024,UCY24D06J,Organometallics and Bioinorganic Chemistry,5,BSc,Chemistry,3,0,2,4,,2024 BSC CHEMISTRY FINAL.pdf
2024,UCY24D05J,Polymer and Industrial Chemistry,5,BSc,Chemistry,,,,,ltpc_shared_with_group,2024 BSC CHEMISTRY FINAL.pdf
2024,,Minor–IV,5,BSc,Chemistry,,,,4,no_code_placeholder,2024 BSC CHEMISTRY FINAL.pdf
2024,,Multidisciplinary – III,5,BSc,Chemistry,,,,3,no_code_placeholder,2024 BSC CHEMISTRY FINAL.pdf
2024,UES24V01T,Environmental Studies,5,BSc,Chemistry,2,0,0,2,,2024 BSC CHEMISTRY FINAL.pdf
2024,UCD24S04J,Career Readiness and Professional Skills,5,BSc,Chemistry,1,0,2,2,,2024 BSC CHEMISTRY FINAL.pdf
2024,UCY24I02L,Internship – II - - -,5,BSc,Chemistry,,,,1,ltpc_shared_with_group,2024 BSC CHEMISTRY FINAL.pdf
2024,UCY24D07T,"Hydrogen Energy: Production, Storage and",6,BSc,Chemistry,3,1,0,4,,2024 BSC CHEMISTRY FINAL.pdf
2024,,Transportation,6,BSc,Chemistry,,,,,no_code_placeholder,2024 BSC CHEMISTRY FINAL.pdf
2024,UCY24D08T,Radioactive and Nuclear Chemistry,6,BSc,Chemistry,,,,,ltpc_shared_with_group,2024 BSC CHEMISTRY FINAL.pdf
2024,UCY24D09T,"Heterocyclic Compounds, Natural Products and",6,BSc,Chemistry,3,1,0,4,,2024 BSC CHEMISTRY FINAL.pdf
2024,,Biomolecules,6,BSc,Chemistry,,,,,no_code_placeholder,2024 BSC CHEMISTRY FINAL.pdf
2024,UCY24D10T,Thin Film Technology,6,BSc,Chemistry,,,,,ltpc_shared_with_group,2024 BSC CHEMISTRY FINAL.pdf
2024,,Minor –V,6,BSc,Chemistry,,,,4,no_code_placeholder,2024 BSC CHEMISTRY FINAL.pdf
2024,,Minor - VI,6,BSc,Chemistry,,,,4,no_code_placeholder,2024 BSC CHEMISTRY FINAL.pdf
2024,UCY24P01L,Project Work,6,BSc,Chemistry,0,0,4,2,,2024 BSC CHEMISTRY FINAL.pdf
2024,UCD24V02T,Universal Human Values,6,BSc,Chemistry,2,0,0,2,,2024 BSC CHEMISTRY FINAL.pdf
2024,UCY24D11T,Research Methodology,7,BSc,Chemistry,3,1,0,4,,2024 BSC CHEMISTRY FINAL.pdf
2024,UCY24D12T,Medicinal Chemistry and Drug Design,7,BSc,Chemistry,3,1,0,4,,2024 BSC CHEMISTRY FINAL.pdf
2024,UCY24D13T,Green Chemistry,7,BSc,Chemistry,,,,,ltpc_shared_with_group,2024 BSC CHEMISTRY FINAL.pdf
2024,UCY24D14T,Solid State Chemistry,7,BSc,Chemistry,3,1,0,4,,2024 BSC CHEMISTRY FINAL.pdf
2024,UCY24D15T,Organic Semi-conductors: Materials and Devices,7,BSc,Chemistry,,,,,ltpc_shared_with_group,2024 BSC CHEMISTRY FINAL.pdf
2024,,Minor –VII,7,BSc,Chemistry,,,,4,no_code_placeholder,2024 BSC CHEMISTRY FINAL.pdf
2024,,Minor –VIII,7,BSc,Chemistry,,,,4,no_code_placeholder,2024 BSC CHEMISTRY FINAL.pdf
2024,UCY24D16T,Energy Conversion and Storage,8,BSc,Chemistry,3,1,0,4,,2024 BSC CHEMISTRY FINAL.pdf
2024,UCY24D17T,Polymer Chemistry and its Uses,8,BSc,Chemistry,,,,,ltpc_shared_with_group,2024 BSC CHEMISTRY FINAL.pdf
2024,UCY24D18T,Industrial Chemistry,8,BSc,Chemistry,3,1,0,4,,2024 BSC CHEMISTRY FINAL.pdf
2024,UCY24D19T,Pharmaceutical Chemistry,8,BSc,Chemistry,,,,,ltpc_shared_with_group,2024 BSC CHEMISTRY FINAL.pdf
2024,UCY24P02L,Research Project and Dissertation,8,BSc,Chemistry,0,0,24,12,,2024 BSC CHEMISTRY FINAL.pdf
2024,UCY24P03L,Professional Internship,8,BSc,Chemistry,,,,,ltpc_shared_with_group,2024 BSC CHEMISTRY FINAL.pdf
2024,ULT24AE1J,Tamil – I,1,BSc,Defence and Strategic Studies,,,,,ltpc_shared_with_group,2024 BSC DEFENCE FINAL.pdf
2024,ULH24AE1J,Hindi – I,1,BSc,Defence and Strategic Studies,2,0,2,3,,2024 BSC DEFENCE FINAL.pdf
2024,ULF24AE1J,French – I,1,BSc,Defence and Strategic Studies,,,,,ltpc_shared_with_group,2024 BSC DEFENCE FINAL.pdf
2024,ULE24AE1J,English,1,BSc,Defence and Strategic Studies,2,0,2,3,,2024 BSC DEFENCE FINAL.pdf
2024,USS24101T,Military History of India,1,BSc,Defence and Strategic Studies,4,0,0,4,,2024 BSC DEFENCE FINAL.pdf
2024,USS24102J,Conceptual Aspects of War,1,BSc,Defence and Strategic Studies,3,0,3,4,,2024 BSC DEFENCE FINAL.pdf
2024,USS24103J,Fundamentals of Map Reading,1,BSc,Defence and Strategic Studies,2,0,4,4,,2024 BSC DEFENCE FINAL.pdf
2024,UCD24S01J,Verbal Ability and Skill Development,1,BSc,Defence and Strategic Studies,1,0,2,2,,2024 BSC DEFENCE FINAL.pdf
2024,ULT24AE2J,Tamil – II,2,BSc,Defence and Strategic Studies,,,,,ltpc_shared_with_group,2024 BSC DEFENCE FINAL.pdf
2024,ULH24AE2J,Hindi – II,2,BSc,Defence and Strategic Studies,2,0,2,3,,2024 BSC DEFENCE FINAL.pdf
2024,ULF24AE2J,French – II,2,BSc,Defence and Strategic Studies,,,,,ltpc_shared_with_group,2024 BSC DEFENCE FINAL.pdf
2024,USS24201T,National Security – Conceptual Aspects,2,BSc,Defence and Strategic Studies,4,0,0,4,,2024 BSC DEFENCE FINAL.pdf
2024,USS24202J,Strategic Study of India,2,BSc,Defence and Strategic Studies,3,0,2,4,,2024 BSC DEFENCE FINAL.pdf
2024,USS24203L,Tactical Map Reading,2,BSc,Defence and Strategic Studies,0,0,8,4,,2024 BSC DEFENCE FINAL.pdf
2024,UCD24V01T,Essentials of Artificial Intelligence,2,BSc,Defence and Strategic Studies,1,0,0,1,,2024 BSC DEFENCE FINAL.pdf
2024,,Multidisciplinary Course - I,2,BSc,Defence and Strategic Studies,,,,3,no_code_placeholder,2024 BSC DEFENCE FINAL.pdf
2024,UCD24S02L,Quantitative Aptitude and Logical Reasoning,2,BSc,Defence and Strategic Studies,0,0,2,1,,2024 BSC DEFENCE FINAL.pdf
2024,UNS24Y01L,NSS,2,BSc,Defence and Strategic Studies,,,,,ltpc_shared_with_group,2024 BSC DEFENCE FINAL.pdf
2024,UNC24Y01L,NCC,2,BSc,Defence and Strategic Studies,,,,,ltpc_shared_with_group,2024 BSC DEFENCE FINAL.pdf
2024,UNO24Y01L,NSO,2,BSc,Defence and Strategic Studies,,,,,ltpc_shared_with_group,2024 BSC DEFENCE FINAL.pdf
2024,UYG24Y01L,YOGA,2,BSc,Defence and Strategic Studies,,,,,ltpc_shared_with_group,2024 BSC DEFENCE FINAL.pdf
2024,USS24301J,Military Geography and Geopolitics,3,BSc,Defence and Strategic Studies,3,0,3,4,,2024 BSC DEFENCE FINAL.pdf
2024,USS24302T,World Military History,3,BSc,Defence and Strategic Studies,4,0,0,4,,2024 BSC DEFENCE FINAL.pdf
2024,USS24303J,Military Psychology,3,BSc,Defence and Strategic Studies,2,0,4,4,,2024 BSC DEFENCE FINAL.pdf
2024,,Minor Elective-I,3,BSc,Defence and Strategic Studies,,,,4,no_code_placeholder,2024 BSC DEFENCE FINAL.pdf
2024,,Multidisciplinary Course - II,3,BSc,Defence and Strategic Studies,,,,3,no_code_placeholder,2024 BSC DEFENCE FINAL.pdf
2024,USS24P01L,Internship – I,3,BSc,Defence and Strategic Studies,0,0,0,1,,2024 BSC DEFENCE FINAL.pdf
2024,USS24401J,Science and Technology of Warfare,4,BSc,Defence and Strategic Studies,3,0,3,4,,2024 BSC DEFENCE FINAL.pdf
2024,USS24D01L,Weapon Sensitization,4,BSc,Defence and Strategic Studies,,,,8,ltpc_shared_with_group,2024 BSC DEFENCE FINAL.pdf
2024,USS24D02T,Post Independent Conflicts in India,4,BSc,Defence and Strategic Studies,,,,0,ltpc_shared_with_group,2024 BSC DEFENCE FINAL.pdf
2024,,Minor Elective - II,4,BSc,Defence and Strategic Studies,,,,4,no_code_placeholder,2024 BSC DEFENCE FINAL.pdf
2024,,Minor Elective - III,4,BSc,Defence and Strategic Studies,,,,4,no_code_placeholder,2024 BSC DEFENCE FINAL.pdf
2024,UEN24S01L,Communication Skills,4,BSc,Defence and Strategic Studies,0,0,4,2,,2024 BSC DEFENCE FINAL.pdf
2024,UCD24S03J,Industry Oriented Employability and Leadership Skills,4,BSc,Defence and Strategic Studies,1,0,2,2,,2024 BSC DEFENCE FINAL.pdf
2024,UMI24Y01L,My India Project,4,BSc,Defence and Strategic Studies,0,0,0,0,,2024 BSC DEFENCE FINAL.pdf
2024,USS24D03T,Limited Wars,5,BSc,Defence and Strategic Studies,,,,0,ltpc_shared_with_group,2024 BSC DEFENCE FINAL.pdf
2024,USS24D04T,Peace and Conflict Studies,5,BSc,Defence and Strategic Studies,,,,0,ltpc_shared_with_group,2024 BSC DEFENCE FINAL.pdf
2024,USS24D05L,Field Craft and Battle Craft,5,BSc,Defence and Strategic Studies,,,,8,ltpc_shared_with_group,2024 BSC DEFENCE FINAL.pdf
2024,USS24D06T,Defence Aspects of International Relations,5,BSc,Defence and Strategic Studies,,,,0,ltpc_shared_with_group,2024 BSC DEFENCE FINAL.pdf
2024,,Minor Elective - IV,5,BSc,Defence and Strategic Studies,,,,4,no_code_placeholder,2024 BSC DEFENCE FINAL.pdf
2024,,Multidisciplinary Course - III,5,BSc,Defence and Strategic Studies,,,,3,no_code_placeholder,2024 BSC DEFENCE FINAL.pdf
2024,UES24V01T,Environmental Studies,5,BSc,Defence and Strategic Studies,2,0,0,2,,2024 BSC DEFENCE FINAL.pdf
2024,UCD24S04J,Career Readiness and Professional Skills,5,BSc,Defence and Strategic Studies,1,0,2,2,,2024 BSC DEFENCE FINAL.pdf
2024,USS24P02L,Internship – II,5,BSc,Defence and Strategic Studies,0,0,0,1,,2024 BSC DEFENCE FINAL.pdf
2024,USS24D07J,Conflict Resolution and Peace Building,6,BSc,Defence and Strategic Studies,,,,3,ltpc_shared_with_group,2024 BSC DEFENCE FINAL.pdf
2024,USS24D08T,Disarmament and Arms Control,6,BSc,Defence and Strategic Studies,,,,0,ltpc_shared_with_group,2024 BSC DEFENCE FINAL.pdf
2024,USS24D09J,War Game and Practice,6,BSc,Defence and Strategic Studies,,,,3,ltpc_shared_with_group,2024 BSC DEFENCE FINAL.pdf
2024,USS24D10T,Non - Traditional Security Threats,6,BSc,Defence and Strategic Studies,,,,0,ltpc_shared_with_group,2024 BSC DEFENCE FINAL.pdf
2024,,Minor Elective - V,6,BSc,Defence and Strategic Studies,,,,4,no_code_placeholder,2024 BSC DEFENCE FINAL.pdf
2024,,Minor Elective - VI,6,BSc,Defence and Strategic Studies,,,,4,no_code_placeholder,2024 BSC DEFENCE FINAL.pdf
2024,USS24P03L,Project Work,6,BSc,Defence and Strategic Studies,0,0,4,2,,2024 BSC DEFENCE FINAL.pdf
2024,UCD24V02T,Universal Human Values,6,BSc,Defence and Strategic Studies,2,0,0,2,,2024 BSC DEFENCE FINAL.pdf
2024,USS24D11T,Research Methodology for Defence Studies,7,BSc,Defence and Strategic Studies,,,,0,ltpc_shared_with_group,2024 BSC DEFENCE FINAL.pdf
2024,USS24D12T,Higher Defence Organization of India,7,BSc,Defence and Strategic Studies,,,,0,ltpc_shared_with_group,2024 BSC DEFENCE FINAL.pdf
2024,USS24D13J,WMD and National Security,7,BSc,Defence and Strategic Studies,,,,3,ltpc_shared_with_group,2024 BSC DEFENCE FINAL.pdf
2024,USS24D14J,Regional Security and Co-operation,7,BSc,Defence and Strategic Studies,,,,3,ltpc_shared_with_group,2024 BSC DEFENCE FINAL.pdf
2024,USS24D15J,Specialized Warfare,7,BSc,Defence and Strategic Studies,,,,3,ltpc_shared_with_group,2024 BSC DEFENCE FINAL.pdf
2024,USS24D16J,Introduction to Police Administration,7,BSc,Defence and Strategic Studies,,,,0,ltpc_shared_with_group,2024 BSC DEFENCE FINAL.pdf
2024,,Minor Elective - VII,7,BSc,Defence and Strategic Studies,,,,4,no_code_placeholder,2024 BSC DEFENCE FINAL.pdf
2024,,Minor Elective - VIII,7,BSc,Defence and Strategic Studies,,,,4,no_code_placeholder,2024 BSC DEFENCE FINAL.pdf
2024,USS24D17T,Strategic Thought,8,BSc,Defence and Strategic Studies,,,,0,ltpc_shared_with_group,2024 BSC DEFENCE FINAL.pdf
2024,USS24D18J,Cyber Security,8,BSc,Defence and Strategic Studies,,,,2,ltpc_shared_with_group,2024 BSC DEFENCE FINAL.pdf
2024,USS24D19T,National Security of India,8,BSc,Defence and Strategic Studies,,,,0,ltpc_shared_with_group,2024 BSC DEFENCE FINAL.pdf
2024,USS24D20J,Contemporary Strategic Environment,8,BSc,Defence and Strategic Studies,,,,3,ltpc_shared_with_group,2024 BSC DEFENCE FINAL.pdf
2024,USS24P04L,Research Project and Dissertation,8,BSc,Defence and Strategic Studies,,,,,ltpc_shared_with_group,2024 BSC DEFENCE FINAL.pdf
2024,USS24P05L,Professional Internship,8,BSc,Defence and Strategic Studies,,,,,ltpc_shared_with_group,2024 BSC DEFENCE FINAL.pdf
2024,ULT24AE1J,Tamil – I,1,BSc,Economics,2,0,2,3,,2024 BSC ECONOMICS FINAL.pdf
2024,ULH24AE1J,Hindi – I,1,BSc,Economics,,,,,ltpc_shared_with_group,2024 BSC ECONOMICS FINAL.pdf
2024,ULF24AE1J,French – I,1,BSc,Economics,,,,,ltpc_shared_with_group,2024 BSC ECONOMICS FINAL.pdf
2024,ULE24AE1J,English,1,BSc,Economics,2,0,2,3,,2024 BSC ECONOMICS FINAL.pdf
2024,UEY24101J,Micro Economics – I,1,BSc,Economics,3,0,3,4,,2024 BSC ECONOMICS FINAL.pdf
2024,UEY24102J,Geometry and Algebra for Economics,1,BSc,Economics,3,0,3,4,,2024 BSC ECONOMICS FINAL.pdf
2024,UEY24103T,History of Economic Thought,1,BSc,Economics,4,0,0,4,,2024 BSC ECONOMICS FINAL.pdf
2024,UCD24S01J,Verbal Ability and Skill Development,1,BSc,Economics,1,0,2,2,,2024 BSC ECONOMICS FINAL.pdf
2024,ULT24AE2J,Tamil – II,2,BSc,Economics,2,0,2,3,,2024 BSC ECONOMICS FINAL.pdf
2024,ULH24AE2J,Hindi – II,2,BSc,Economics,,,,,ltpc_shared_with_group,2024 BSC ECONOMICS FINAL.pdf
2024,ULF24AE2J,French – II,2,BSc,Economics,,,,,ltpc_shared_with_group,2024 BSC ECONOMICS FINAL.pdf
2024,UEY24201J,Micro Economics – II,2,BSc,Economics,3,0,3,4,,2024 BSC ECONOMICS FINAL.pdf
2024,UEY24202J,Calculus for Economics,2,BSc,Economics,3,0,2,4,,2024 BSC ECONOMICS FINAL.pdf
2024,UEY24203J,Statistics for Economics,2,BSc,Economics,3,0,2,4,,2024 BSC ECONOMICS FINAL.pdf
2024,UCD24V01T,Essentials of Artificial Intelligence,2,BSc,Economics,1,0,0,1,,2024 BSC ECONOMICS FINAL.pdf
2024,,Multidisciplinary Course – I,2,BSc,Economics,,,,3,no_code_placeholder,2024 BSC ECONOMICS FINAL.pdf
2024,UCD24S02L,Quantitative Aptitude and Logical Reasoning,2,BSc,Economics,0,0,2,1,,2024 BSC ECONOMICS FINAL.pdf
2024,UNS24Y01L,NSS,2,BSc,Economics,0,0,0,0,,2024 BSC ECONOMICS FINAL.pdf
2024,UNC24Y01L,NCC,2,BSc,Economics,,,,,ltpc_shared_with_group,2024 BSC ECONOMICS FINAL.pdf
2024,UNO24Y01L,NSO,2,BSc,Economics,,,,,ltpc_shared_with_group,2024 BSC ECONOMICS FINAL.pdf
2024,UYG24Y01L,YOGA,2,BSc,Economics,,,,,ltpc_shared_with_group,2024 BSC ECONOMICS FINAL.pdf
2024,UEY24301J,Macro Economics – I,3,BSc,Economics,3,0,3,4,,2024 BSC ECONOMICS FINAL.pdf
2024,UEY24302J,Indian Economy - Policy and Performance,3,BSc,Economics,3,0,3,4,,2024 BSC ECONOMICS FINAL.pdf
2024,UEY24303J,Basic Econometrics,3,BSc,Economics,3,0,3,4,,2024 BSC ECONOMICS FINAL.pdf
2024,,Minor Elective – I,3,BSc,Economics,,,,4,no_code_placeholder,2024 BSC ECONOMICS FINAL.pdf
2024,UEY24P01L,Internship – I,3,BSc,Economics,0,0,0,1,,2024 BSC ECONOMICS FINAL.pdf
2024,,Multidisciplinary Course – II,3,BSc,Economics,2,0,2,3,no_code_placeholder,2024 BSC ECONOMICS FINAL.pdf
2024,UEY24401J,Macro Economics - II,4,BSc,Economics,3,0,2,4,,2024 BSC ECONOMICS FINAL.pdf
2024,UEY24D01J,Applied Econometrics,4,BSc,Economics,3,0,2,4,,2024 BSC ECONOMICS FINAL.pdf
2024,UEY24D02J,Environmental and Resource Economics,4,BSc,Economics,,,,,ltpc_shared_with_group,2024 BSC ECONOMICS FINAL.pdf
2024,,Minor Elective – II,4,BSc,Economics,,,,4,no_code_placeholder,2024 BSC ECONOMICS FINAL.pdf
2024,,Minor Elective – III,4,BSc,Economics,,,,4,no_code_placeholder,2024 BSC ECONOMICS FINAL.pdf
2024,UEN24S01L,Communication Skills,4,BSc,Economics,0,0,4,2,,2024 BSC ECONOMICS FINAL.pdf
2024,UCD24S03J,Industry Oriented Employability and Leadership Skills,4,BSc,Economics,1,0,2,2,,2024 BSC ECONOMICS FINAL.pdf
2024,UMI24Y01L,My India Project,4,BSc,Economics,0,0,0,0,,2024 BSC ECONOMICS FINAL.pdf
2024,UEY24D03J,Public Economics,5,BSc,Economics,3,0,3,4,,2024 BSC ECONOMICS FINAL.pdf
2024,UEY24D04J,Agricultural Economics,5,BSc,Economics,,,,,ltpc_shared_with_group,2024 BSC ECONOMICS FINAL.pdf
2024,UEY24D05J,Monetary Economics,5,BSc,Economics,3,0,3,4,,2024 BSC ECONOMICS FINAL.pdf
2024,UEY24D06J,Industrial Economics,5,BSc,Economics,,,,,ltpc_shared_with_group,2024 BSC ECONOMICS FINAL.pdf
2024,,Minor Elective – IV,5,BSc,Economics,,,,4,no_code_placeholder,2024 BSC ECONOMICS FINAL.pdf
2024,,Multidisciplinary Course – III,5,BSc,Economics,2,0,2,3,no_code_placeholder,2024 BSC ECONOMICS FINAL.pdf
2024,UES24V01T,Environmental Studies,5,BSc,Economics,2,0,0,2,,2024 BSC ECONOMICS FINAL.pdf
2024,UCD24S04J,Career Readiness and Professional Skills,5,BSc,Economics,1,0,2,2,,2024 BSC ECONOMICS FINAL.pdf
2024,UEY24P02L,Internship – II,5,BSc,Economics,0,0,0,1,,2024 BSC ECONOMICS FINAL.pdf
2024,UEY24D07J,Economics of Growth and Development,6,BSc,Economics,3,0,3,4,,2024 BSC ECONOMICS FINAL.pdf
2024,UEY24D08J,Health Economics,6,BSc,Economics,,,,,ltpc_shared_with_group,2024 BSC ECONOMICS FINAL.pdf
2024,UEY24D09J,International Economics,6,BSc,Economics,3,0,2,4,,2024 BSC ECONOMICS FINAL.pdf
2024,UEY24D10J,Economics of Infrastructure,6,BSc,Economics,,,,,ltpc_shared_with_group,2024 BSC ECONOMICS FINAL.pdf
2024,,Minor Elective – V,6,BSc,Economics,,,,4,no_code_placeholder,2024 BSC ECONOMICS FINAL.pdf
2024,,Minor Elective – VI,6,BSc,Economics,,,,4,no_code_placeholder,2024 BSC ECONOMICS FINAL.pdf
2024,UCD24V02T,Universal Human Values,6,BSc,Economics,2,0,0,2,,2024 BSC ECONOMICS FINAL.pdf
2024,UEY24P03L,Project Work,6,BSc,Economics,0,0,4,2,,2024 BSC ECONOMICS FINAL.pdf
2024,UEY24D11T,Research Methodology for Economics,7,BSc,Economics,4,0,0,4,,2024 BSC ECONOMICS FINAL.pdf
2024,UEY24D12T,Rural Resource Management,7,BSc,Economics,,,,,ltpc_shared_with_group,2024 BSC ECONOMICS FINAL.pdf
2024,UEY24D13J,Behavioural Economics,7,BSc,Economics,3,0,3,4,,2024 BSC ECONOMICS FINAL.pdf
2024,UEY24D14J,Energy Economics,7,BSc,Economics,,,,,ltpc_shared_with_group,2024 BSC ECONOMICS FINAL.pdf
2024,UEY24D15J,Labour Economics,7,BSc,Economics,2,0,5,4,,2024 BSC ECONOMICS FINAL.pdf
2024,UEY24D16J,Gender Economics,7,BSc,Economics,,,,,ltpc_shared_with_group,2024 BSC ECONOMICS FINAL.pdf
2024,,Minor Elective – VII,7,BSc,Economics,,,,4,no_code_placeholder,2024 BSC ECONOMICS FINAL.pdf
2024,,Minor Elective – VIII,7,BSc,Economics,,,,4,no_code_placeholder,2024 BSC ECONOMICS FINAL.pdf
2024,UEY24D17T,Experimental Economics,8,BSc,Economics,4,0,0,4,,2024 BSC ECONOMICS FINAL.pdf
2024,UEY24D18T,Social Economics,8,BSc,Economics,,,,,ltpc_shared_with_group,2024 BSC ECONOMICS FINAL.pdf
2024,UEY24D19T,Capital Market and Investment Analysis,8,BSc,Economics,4,0,0,4,,2024 BSC ECONOMICS FINAL.pdf
2024,UEY24D20T,Actuarial Economics,8,BSc,Economics,,,,,ltpc_shared_with_group,2024 BSC ECONOMICS FINAL.pdf
2024,UEY24P04L,Research Project and Dissertation,8,BSc,Economics,0,0,24,12,,2024 BSC ECONOMICS FINAL.pdf
2024,UEY24P05L,Professional Internship,8,BSc,Economics,,,,,ltpc_shared_with_group,2024 BSC ECONOMICS FINAL.pdf
2024,ULT24AE1J,Tamil – I,1,BSc,Fashion Designing,2,0,2,3,,2024 BSC FASHION DESIGN FINAL.pdf
2024,ULH24AE1J,Hindi – I,1,BSc,Fashion Designing,,,,,ltpc_shared_with_group,2024 BSC FASHION DESIGN FINAL.pdf
2024,ULF24AE1J,French – I,1,BSc,Fashion Designing,,,,,ltpc_shared_with_group,2024 BSC FASHION DESIGN FINAL.pdf
2024,ULE24AE1J,English,1,BSc,Fashion Designing,2,0,2,3,,2024 BSC FASHION DESIGN FINAL.pdf
2024,UFD24101J,Design Concept,1,BSc,Fashion Designing,2,0,4,4,,2024 BSC FASHION DESIGN FINAL.pdf
2024,UFD24102J,"Fabric Designing - Ornamentation, Dyeing and",1,BSc,Fashion Designing,2,0,4,4,,2024 BSC FASHION DESIGN FINAL.pdf
2024,,Printing,1,BSc,Fashion Designing,,,,,no_code_placeholder,2024 BSC FASHION DESIGN FINAL.pdf
2024,UFD24103J,Sewing Techniques,1,BSc,Fashion Designing,2,0,4,4,,2024 BSC FASHION DESIGN FINAL.pdf
2024,UCD24S01J,Verbal Ability and Skill Development,1,BSc,Fashion Designing,1,0,2,2,,2024 BSC FASHION DESIGN FINAL.pdf
2024,ULT24AE2J,Tamil – II,2,BSc,Fashion Designing,2,0,2,3,,2024 BSC FASHION DESIGN FINAL.pdf
2024,ULH24AE2J,Hindi – II,2,BSc,Fashion Designing,,,,,ltpc_shared_with_group,2024 BSC FASHION DESIGN FINAL.pdf
2024,ULF24AE2J,French – II,2,BSc,Fashion Designing,,,,,ltpc_shared_with_group,2024 BSC FASHION DESIGN FINAL.pdf
2024,UFD24201J,Fashion Illustration – I,2,BSc,Fashion Designing,2,0,4,4,,2024 BSC FASHION DESIGN FINAL.pdf
2024,UFD24202J,Pattern Making and Garment Construction – Kid’s and,2,BSc,Fashion Designing,2,0,4,4,,2024 BSC FASHION DESIGN FINAL.pdf
2024,,Women’s Wear,2,BSc,Fashion Designing,,,,,no_code_placeholder,2024 BSC FASHION DESIGN FINAL.pdf
2024,UFD24203T,Fiber and Yarn Science,2,BSc,Fashion Designing,4,0,0,4,,2024 BSC FASHION DESIGN FINAL.pdf
2024,UCD24V01T,Essentials of Artificial Intelligence,2,BSc,Fashion Designing,1,0,0,1,,2024 BSC FASHION DESIGN FINAL.pdf
2024,,Multidisciplinary Course – I,2,BSc,Fashion Designing,,,,3,no_code_placeholder,2024 BSC FASHION DESIGN FINAL.pdf
2024,UCD24S02L,Quantitative Aptitude and Logical Reasoning,2,BSc,Fashion Designing,0,0,2,1,,2024 BSC FASHION DESIGN FINAL.pdf
2024,UNS24Y01L,NSS,2,BSc,Fashion Designing,0,0,0,0,,2024 BSC FASHION DESIGN FINAL.pdf
2024,UNC24Y01L,NCC,2,BSc,Fashion Designing,,,,,ltpc_shared_with_group,2024 BSC FASHION DESIGN FINAL.pdf
2024,UNO24Y01L,NSO,2,BSc,Fashion Designing,,,,,ltpc_shared_with_group,2024 BSC FASHION DESIGN FINAL.pdf
2024,UYG24Y01L,YOGA,2,BSc,Fashion Designing,,,,,ltpc_shared_with_group,2024 BSC FASHION DESIGN FINAL.pdf
2024,UFD24301J,Pattern Making and Garment Construction – Men’s Wear,3,BSc,Fashion Designing,2,0,4,4,,2024 BSC FASHION DESIGN FINAL.pdf
2024,UFD24302J,Fashion Illustration – II,3,BSc,Fashion Designing,2,0,4,4,,2024 BSC FASHION DESIGN FINAL.pdf
2024,UFD24303J,Makeover and Modelling,3,BSc,Fashion Designing,2,0,4,4,,2024 BSC FASHION DESIGN FINAL.pdf
2024,,Minor Elective -I,3,BSc,Fashion Designing,,,,4,no_code_placeholder,2024 BSC FASHION DESIGN FINAL.pdf
2024,UFD24P01L,Internship - I,3,BSc,Fashion Designing,0,0,0,1,,2024 BSC FASHION DESIGN FINAL.pdf
2024,,Multidisciplinary Course - II,3,BSc,Fashion Designing,,,,3,no_code_placeholder,2024 BSC FASHION DESIGN FINAL.pdf
2024,UFD24401J,Accessories and Craft Making,4,BSc,Fashion Designing,2,0,4,4,,2024 BSC FASHION DESIGN FINAL.pdf
2024,UFD24D11J,Computer Aided Design – I,4,BSc,Fashion Designing,2,0,4,4,,2024 BSC FASHION DESIGN FINAL.pdf
2024,UFD24D12J,Textile Design using CAD,4,BSc,Fashion Designing,,,,,ltpc_shared_with_group,2024 BSC FASHION DESIGN FINAL.pdf
2024,,Minor Elective - II,4,BSc,Fashion Designing,,,,4,no_code_placeholder,2024 BSC FASHION DESIGN FINAL.pdf
2024,,Minor Elective – III,4,BSc,Fashion Designing,,,,4,no_code_placeholder,2024 BSC FASHION DESIGN FINAL.pdf
2024,UEN24S01L,Communication Skills,4,BSc,Fashion Designing,0,0,4,2,,2024 BSC FASHION DESIGN FINAL.pdf
2024,UCD24S03J,Industry Oriented Employability and Leadership Skills,4,BSc,Fashion Designing,1,0,2,2,,2024 BSC FASHION DESIGN FINAL.pdf
2024,UMI24Y01L,My India Project,4,BSc,Fashion Designing,0,0,0,0,,2024 BSC FASHION DESIGN FINAL.pdf
2024,UFD24D13J,Computer Aided Design - II,5,BSc,Fashion Designing,2,0,4,4,,2024 BSC FASHION DESIGN FINAL.pdf
2024,UFD24D14J,Fashion Sketching using CAD,5,BSc,Fashion Designing,,,,,ltpc_shared_with_group,2024 BSC FASHION DESIGN FINAL.pdf
2024,UFD24D15J,Fashion Draping Techniques,5,BSc,Fashion Designing,2,0,4,4,,2024 BSC FASHION DESIGN FINAL.pdf
2024,UFD24D16J,Pattern Making and Garment Construction - Western Wear,5,BSc,Fashion Designing,,,,,ltpc_shared_with_group,2024 BSC FASHION DESIGN FINAL.pdf
2024,,Minor Elective – IV,5,BSc,Fashion Designing,,,,4,no_code_placeholder,2024 BSC FASHION DESIGN FINAL.pdf
2024,,Multidisciplinary Course – III,5,BSc,Fashion Designing,,,,3,no_code_placeholder,2024 BSC FASHION DESIGN FINAL.pdf
2024,UES24V01T,Environmental Studies,5,BSc,Fashion Designing,2,0,0,2,,2024 BSC FASHION DESIGN FINAL.pdf
2024,UCD24S04J,Career Readiness and Professional Skills,5,BSc,Fashion Designing,1,0,2,2,,2024 BSC FASHION DESIGN FINAL.pdf
2024,UFD24P02L,Internship - II,5,BSc,Fashion Designing,0,0,0,1,,2024 BSC FASHION DESIGN FINAL.pdf
2024,UFD24D17J,Merchandising,6,BSc,Fashion Designing,3,0,2,4,,2024 BSC FASHION DESIGN FINAL.pdf
2024,UFD24D18J,Digital Marketing for Fashion,6,BSc,Fashion Designing,,,,,ltpc_shared_with_group,2024 BSC FASHION DESIGN FINAL.pdf
2024,UFD24D19J,Fashion and Media,6,BSc,Fashion Designing,2,0,4,4,,2024 BSC FASHION DESIGN FINAL.pdf
2024,UFD24D20J,Fashion Retailing,6,BSc,Fashion Designing,,,,,ltpc_shared_with_group,2024 BSC FASHION DESIGN FINAL.pdf
2024,,Minor Elective - V,6,BSc,Fashion Designing,,,,4,no_code_placeholder,2024 BSC FASHION DESIGN FINAL.pdf
2024,,Minor Elective - VI,6,BSc,Fashion Designing,,,,4,no_code_placeholder,2024 BSC FASHION DESIGN FINAL.pdf
2024,UFD24P03L,Project Work,6,BSc,Fashion Designing,0,0,4,2,,2024 BSC FASHION DESIGN FINAL.pdf
2024,UCD24V02T,Universal Human Values,6,BSc,Fashion Designing,2,0,0,2,,2024 BSC FASHION DESIGN FINAL.pdf
2024,UFD24D21J,Research Methodology for Fashion and Textiles,7,BSc,Fashion Designing,2,0,4,4,,2024 BSC FASHION DESIGN FINAL.pdf
2024,UFD24D22J,Theatre Costume,7,BSc,Fashion Designing,2,0,4,4,,2024 BSC FASHION DESIGN FINAL.pdf
2024,UFD24D23J,Vintage Costume,7,BSc,Fashion Designing,,,,,ltpc_shared_with_group,2024 BSC FASHION DESIGN FINAL.pdf
2024,UFD24D24J,Technical Textiles,7,BSc,Fashion Designing,3,0,2,4,,2024 BSC FASHION DESIGN FINAL.pdf
2024,UFD24D25J,Textile Testing,7,BSc,Fashion Designing,,,,,ltpc_shared_with_group,2024 BSC FASHION DESIGN FINAL.pdf
2024,,Mnor Elective – VII,7,BSc,Fashion Designing,,,,4,no_code_placeholder,2024 BSC FASHION DESIGN FINAL.pdf
2024,,Mnor Elective – VIII,7,BSc,Fashion Designing,,,,4,no_code_placeholder,2024 BSC FASHION DESIGN FINAL.pdf
2024,UFD24D26T,Apparel Production Management and Quality Control,8,BSc,Fashion Designing,4,0,0,4,,2024 BSC FASHION DESIGN FINAL.pdf
2024,UFD24D27T,Fashion Trends and Forecasting,8,BSc,Fashion Designing,,,,,ltpc_shared_with_group,2024 BSC FASHION DESIGN FINAL.pdf
2024,UFD24D28T,Sustainable Fashion,8,BSc,Fashion Designing,4,0,0,4,,2024 BSC FASHION DESIGN FINAL.pdf
2024,UFD24D29T,Eco-Friendly Fashion and Circular Fashion,8,BSc,Fashion Designing,,,,,ltpc_shared_with_group,2024 BSC FASHION DESIGN FINAL.pdf
2024,UFD24P04L,Research Project and Dissertation,8,BSc,Fashion Designing,0,0,24,12,,2024 BSC FASHION DESIGN FINAL.pdf
2024,UFD24P05L,Professional Internship,8,BSc,Fashion Designing,,,,,ltpc_shared_with_group,2024 BSC FASHION DESIGN FINAL.pdf
2024,ULT24AE1J,Tamil – I,1,BSc,Mathematics,2,0,2,3,,2024 BSC MATHS FINAL.pdf
2024,ULH24AE1J,Hindi – I,1,BSc,Mathematics,,,,,ltpc_shared_with_group,2024 BSC MATHS FINAL.pdf
2024,ULF24AE1J,French – I,1,BSc,Mathematics,,,,,ltpc_shared_with_group,2024 BSC MATHS FINAL.pdf
2024,ULE24AE1J,English,1,BSc,Mathematics,2,0,2,3,,2024 BSC MATHS FINAL.pdf
2024,UMA24101T,Algebra,1,BSc,Mathematics,3,1,0,4,,2024 BSC MATHS FINAL.pdf
2024,UMA24102T,Real Analysis,1,BSc,Mathematics,3,1,0,4,,2024 BSC MATHS FINAL.pdf
2024,UMA24103T,Ordinary Differential Equations,1,BSc,Mathematics,3,1,0,4,,2024 BSC MATHS FINAL.pdf
2024,UCD24S01J,Verbal Ability and Skill Development,1,BSc,Mathematics,1,0,2,2,,2024 BSC MATHS FINAL.pdf
2024,ULT24AE2J,Tamil – II,2,BSc,Mathematics,2,0,2,3,,2024 BSC MATHS FINAL.pdf
2024,ULH24AE2J,Hindi – II,2,BSc,Mathematics,,,,,ltpc_shared_with_group,2024 BSC MATHS FINAL.pdf
2024,ULF24AE2J,French – II,2,BSc,Mathematics,,,,,ltpc_shared_with_group,2024 BSC MATHS FINAL.pdf
2024,UMA24201T,Advanced Algebra,2,BSc,Mathematics,3,1,0,4,,2024 BSC MATHS FINAL.pdf
2024,UMA24202T,Advanced Analysis,2,BSc,Mathematics,3,1,0,4,,2024 BSC MATHS FINAL.pdf
2024,UMA24203T,Partial Differential Equations,2,BSc,Mathematics,3,1,0,4,,2024 BSC MATHS FINAL.pdf
2024,UCD24V01T,Essentials of Artificial Intelligence,2,BSc,Mathematics,1,0,0,1,,2024 BSC MATHS FINAL.pdf
2024,,Multidisciplinary Course – I,2,BSc,Mathematics,,,,3,no_code_placeholder,2024 BSC MATHS FINAL.pdf
2024,UCD24S02L,Quantitative Aptitude and Logical Reasoning,2,BSc,Mathematics,0,0,2,1,,2024 BSC MATHS FINAL.pdf
2024,UNS24Y01L,NSS,2,BSc,Mathematics,0,0,0,0,,2024 BSC MATHS FINAL.pdf
2024,UNC24Y01L,NCC,2,BSc,Mathematics,,,,,ltpc_shared_with_group,2024 BSC MATHS FINAL.pdf
2024,UNO24Y01L,NSO,2,BSc,Mathematics,,,,,ltpc_shared_with_group,2024 BSC MATHS FINAL.pdf
2024,UYG24Y01L,YOGA,2,BSc,Mathematics,,,,,ltpc_shared_with_group,2024 BSC MATHS FINAL.pdf
2024,UMA24301T,Linear Algebra,3,BSc,Mathematics,3,1,0,4,,2024 BSC MATHS FINAL.pdf
2024,UMA24302T,Complex Analysis,3,BSc,Mathematics,3,1,0,4,,2024 BSC MATHS FINAL.pdf
2024,UMA24303T,Numerical Analysis,3,BSc,Mathematics,3,1,0,4,,2024 BSC MATHS FINAL.pdf
2024,,Minor Elective – I,3,BSc,Mathematics,,,,4,no_code_placeholder,2024 BSC MATHS FINAL.pdf
2024,,Multidisciplinary Course – II,3,BSc,Mathematics,,,,3,no_code_placeholder,2024 BSC MATHS FINAL.pdf
2024,UMA24P01L,Internship – I,3,BSc,Mathematics,0,0,0,1,,2024 BSC MATHS FINAL.pdf
2024,UMA24401T,Operations Research,4,BSc,Mathematics,3,1,0,4,,2024 BSC MATHS FINAL.pdf
2024,UMA24D01T,Topology,4,BSc,Mathematics,3,1,0,4,,2024 BSC MATHS FINAL.pdf
2024,UMA24D02T,Mechanics,4,BSc,Mathematics,,,,,ltpc_shared_with_group,2024 BSC MATHS FINAL.pdf
2024,,Minor Elective – II,4,BSc,Mathematics,,,,4,no_code_placeholder,2024 BSC MATHS FINAL.pdf
2024,,Minor Elective – III,4,BSc,Mathematics,,,,4,no_code_placeholder,2024 BSC MATHS FINAL.pdf
2024,UEN24S01L,Communication Skills,4,BSc,Mathematics,0,0,4,2,,2024 BSC MATHS FINAL.pdf
2024,UCD24S03J,Industry Oriented Employability and Leadership Skills,4,BSc,Mathematics,1,0,2,2,,2024 BSC MATHS FINAL.pdf
2024,UMI24Y01L,My India Project,4,BSc,Mathematics,0,0,0,0,,2024 BSC MATHS FINAL.pdf
2024,UMA24D03T,Functional Analysis,5,BSc,Mathematics,3,1,0,4,,2024 BSC MATHS FINAL.pdf
2024,UMA24D04T,Mathematical Modelling,5,BSc,Mathematics,,,,,ltpc_shared_with_group,2024 BSC MATHS FINAL.pdf
2024,UMA24D05T,Discrete Mathematics,5,BSc,Mathematics,3,1,0,4,,2024 BSC MATHS FINAL.pdf
2024,UMA24D06T,Probability and Statistics,5,BSc,Mathematics,,,,,ltpc_shared_with_group,2024 BSC MATHS FINAL.pdf
2024,,Minor Elective – IV,5,BSc,Mathematics,,,,4,no_code_placeholder,2024 BSC MATHS FINAL.pdf
2024,,Multidisciplinary Course – III,5,BSc,Mathematics,,,,3,no_code_placeholder,2024 BSC MATHS FINAL.pdf
2024,UES24V01T,Environmental Studies,5,BSc,Mathematics,2,0,0,2,,2024 BSC MATHS FINAL.pdf
2024,UCD24S04J,Career Readiness and Professional Skills,5,BSc,Mathematics,1,0,2,2,,2024 BSC MATHS FINAL.pdf
2024,UMA24P02L,Internship – II - - -,5,BSc,Mathematics,,,,1,ltpc_shared_with_group,2024 BSC MATHS FINAL.pdf
2024,UMA24D07T,Cryptography,6,BSc,Mathematics,3,1,0,4,,2024 BSC MATHS FINAL.pdf
2024,UMA24D08T,Theory of Computation,6,BSc,Mathematics,,,,,ltpc_shared_with_group,2024 BSC MATHS FINAL.pdf
2024,UMA24D09T,Fuzzy Mathematics,6,BSc,Mathematics,3,1,0,4,,2024 BSC MATHS FINAL.pdf
2024,UMA24D10T,Fluid Dynamics,6,BSc,Mathematics,,,,,ltpc_shared_with_group,2024 BSC MATHS FINAL.pdf
2024,,Minor Elective – V,6,BSc,Mathematics,,,,4,no_code_placeholder,2024 BSC MATHS FINAL.pdf
2024,,Minor Elective – VI,6,BSc,Mathematics,,,,4,no_code_placeholder,2024 BSC MATHS FINAL.pdf
2024,UMA24P03L,Project Work,6,BSc,Mathematics,0,0,4,2,,2024 BSC MATHS FINAL.pdf
2024,UCD24V02T,Universal Human Values,6,BSc,Mathematics,2,0,0,2,,2024 BSC MATHS FINAL.pdf
2024,UMA24D11T,Research Methodology,7,BSc,Mathematics,3,1,0,4,,2024 BSC MATHS FINAL.pdf
2024,UMA24D12T,Graph Theory,7,BSc,Mathematics,3,1,0,4,,2024 BSC MATHS FINAL.pdf
2024,UMA24D13T,Stochastic Processes,7,BSc,Mathematics,,,,,ltpc_shared_with_group,2024 BSC MATHS FINAL.pdf
2024,UMA24D14J,Object Oriented Programming in C++,7,BSc,Mathematics,3,0,2,4,,2024 BSC MATHS FINAL.pdf
2024,UMA24D15J,Machine Learning,7,BSc,Mathematics,,,,,ltpc_shared_with_group,2024 BSC MATHS FINAL.pdf
2024,,Minor Elective – VII,7,BSc,Mathematics,,,,4,no_code_placeholder,2024 BSC MATHS FINAL.pdf
2024,,Minor Elective – VIII,7,BSc,Mathematics,,,,4,no_code_placeholder,2024 BSC MATHS FINAL.pdf
2024,UMA24D16T,Neural Networks and Numerical Optimization,8,BSc,Mathematics,3,1,0,4,,2024 BSC MATHS FINAL.pdf
2024,UMA24D17T,Design of Experiments,8,BSc,Mathematics,,,,,ltpc_shared_with_group,2024 BSC MATHS FINAL.pdf
2024,UMA24D18T,Coding Theory,8,BSc,Mathematics,3,1,0,4,,2024 BSC MATHS FINAL.pdf
2024,UMA24D19T,Statistical Quality Control,8,BSc,Mathematics,,,,,ltpc_shared_with_group,2024 BSC MATHS FINAL.pdf
2024,UMA24P04L,Research Project and Dissertation,8,BSc,Mathematics,0,0,24,12,,2024 BSC MATHS FINAL.pdf
2024,UMA24P05L,Professional Internship,8,BSc,Mathematics,,,,,ltpc_shared_with_group,2024 BSC MATHS FINAL.pdf
2024,ULT24AE2J,Tamil-II,2,BSc,Physical Education,,,,,ltpc_shared_with_group,2024 BSC PHYSICAL EDUCATION FINAL.pdf
2024,ULH24AE2J,Hindi - II,2,BSc,Physical Education,2,0,2,3,,2024 BSC PHYSICAL EDUCATION FINAL.pdf
2024,ULF24AE2J,French - II,2,BSc,Physical Education,,,,,ltpc_shared_with_group,2024 BSC PHYSICAL EDUCATION FINAL.pdf
2024,UPE24201T,Anatomy and Physiology,2,BSc,Physical Education,4,0,0,4,,2024 BSC PHYSICAL EDUCATION FINAL.pdf
2024,UPE24202T,Sports Psychology and Sociology,2,BSc,Physical Education,4,0,0,4,,2024 BSC PHYSICAL EDUCATION FINAL.pdf
2024,UPE24203T,Scientific Principles of Coaching,2,BSc,Physical Education,4,0,0,4,,2024 BSC PHYSICAL EDUCATION FINAL.pdf
2024,UCD24V01T,Essentials of Artificial Intelligence,2,BSc,Physical Education,1,0,0,1,,2024 BSC PHYSICAL EDUCATION FINAL.pdf
2024,,Multidisciplinary Course I,2,BSc,Physical Education,,,,3,no_code_placeholder,2024 BSC PHYSICAL EDUCATION FINAL.pdf
2024,UCD24S02L,Quantitative Aptitude and,2,BSc,Physical Education,,,,,ltpc_shared_with_group,2024 BSC PHYSICAL EDUCATION FINAL.pdf
2024,,Logical Reasoning,2,BSc,Physical Education,,,,,no_code_placeholder,2024 BSC PHYSICAL EDUCATION FINAL.pdf
2024,UNS24Y01L,NSS,2,BSc,Physical Education,,,,,ltpc_shared_with_group,2024 BSC PHYSICAL EDUCATION FINAL.pdf
2024,UNC24Y01L,NCC,2,BSc,Physical Education,,,,,ltpc_shared_with_group,2024 BSC PHYSICAL EDUCATION FINAL.pdf
2024,UNO24Y01L,NSO,2,BSc,Physical Education,,,,,ltpc_shared_with_group,2024 BSC PHYSICAL EDUCATION FINAL.pdf
2024,UYG24Y01L,YOGA,2,BSc,Physical Education,,,,,ltpc_shared_with_group,2024 BSC PHYSICAL EDUCATION FINAL.pdf
2024,ULT24AE1J,Tamil - I,1,BSc,Physical Education,,,,,ltpc_shared_with_group,2024 BSC PHYSICAL EDUCATION FINAL.pdf
2024,ULH24AE1J,Hindi - I,1,BSc,Physical Education,2,0,2,3,,2024 BSC PHYSICAL EDUCATION FINAL.pdf
2024,ULF24AE1J,French - I,1,BSc,Physical Education,,,,,ltpc_shared_with_group,2024 BSC PHYSICAL EDUCATION FINAL.pdf
2024,ULE24AE1J,English,1,BSc,Physical Education,2,0,2,3,,2024 BSC PHYSICAL EDUCATION FINAL.pdf
2024,UPE24101T,Foundation and History of Physical Education,1,BSc,Physical Education,4,0,0,4,,2024 BSC PHYSICAL EDUCATION FINAL.pdf
2024,UPE24102T,Theories of Yoga and Gymnastics,1,BSc,Physical Education,4,0,0,4,,2024 BSC PHYSICAL EDUCATION FINAL.pdf
2024,UPE24103T,Methods in Physical Education,1,BSc,Physical Education,4,0,0,4,,2024 BSC PHYSICAL EDUCATION FINAL.pdf
2024,UCD24S01J,Verbal Ability and Skill,1,BSc,Physical Education,,,,,ltpc_shared_with_group,2024 BSC PHYSICAL EDUCATION FINAL.pdf
2024,,Development,1,BSc,Physical Education,,,,,no_code_placeholder,2024 BSC PHYSICAL EDUCATION FINAL.pdf
2024,UPE24401T,S cience of Sports Training,4,BSc,Physical Education,4,0,0,4,,2024 BSC PHYSICAL EDUCATION FINAL.pdf
2024,UPE24402L,P E Practical - I,4,BSc,Physical Education,,,,,ltpc_shared_with_group,2024 BSC PHYSICAL EDUCATION FINAL.pdf
2024,UPE24403L,P E Practical - II,4,BSc,Physical Education,,,,,ltpc_shared_with_group,2024 BSC PHYSICAL EDUCATION FINAL.pdf
2024,,Minor Elective - II,4,BSc,Physical Education,,,,4,no_code_placeholder,2024 BSC PHYSICAL EDUCATION FINAL.pdf
2024,,Minor Elective - III,4,BSc,Physical Education,,,,4,no_code_placeholder,2024 BSC PHYSICAL EDUCATION FINAL.pdf
2024,UEN24S01L,Communication Skills,4,BSc,Physical Education,0,0,4,2,,2024 BSC PHYSICAL EDUCATION FINAL.pdf
2024,,I ndustry Oriented,4,BSc,Physical Education,,,,,no_code_placeholder,2024 BSC PHYSICAL EDUCATION FINAL.pdf
2024,UCD24S03J,Employability and Leadership,4,BSc,Physical Education,1,0,2,2,,2024 BSC PHYSICAL EDUCATION FINAL.pdf
2024,,Skills,4,BSc,Physical Education,,,,,no_code_placeholder,2024 BSC PHYSICAL EDUCATION FINAL.pdf
2024,UMI24Y01L,My India Project,4,BSc,Physical Education,0,0,0,0,,2024 BSC PHYSICAL EDUCATION FINAL.pdf
2024,UPE24301T,Safety Education and First Aid,3,BSc,Physical Education,4,0,0,4,,2024 BSC PHYSICAL EDUCATION FINAL.pdf
2024,UPE24302T,"Track and Field - Planning,",3,BSc,Physical Education,,,,,ltpc_shared_with_group,2024 BSC PHYSICAL EDUCATION FINAL.pdf
2024,,Construction and Rules,3,BSc,Physical Education,,,,,no_code_placeholder,2024 BSC PHYSICAL EDUCATION FINAL.pdf
2024,UPE24303T,Applied Kinesiology,3,BSc,Physical Education,4,0,0,4,,2024 BSC PHYSICAL EDUCATION FINAL.pdf
2024,,Minor Elective - I,3,BSc,Physical Education,,,,4,no_code_placeholder,2024 BSC PHYSICAL EDUCATION FINAL.pdf
2024,,Multidisciplinary Course II,3,BSc,Physical Education,,,,3,no_code_placeholder,2024 BSC PHYSICAL EDUCATION FINAL.pdf
2024,UPE24P01L,Internship - I,3,BSc,Physical Education,0,0,0,1,,2024 BSC PHYSICAL EDUCATION FINAL.pdf
2024,UPE24501T,Theories of Major Games Part- I,5,BSc,Physical Education,,,,,ltpc_shared_with_group,2024 BSC PHYSICAL EDUCATION FINAL.pdf
2024,UPE24502T,Principles of Yoga Therapy,5,BSc,Physical Education,4,0,0,4,,2024 BSC PHYSICAL EDUCATION FINAL.pdf
2024,,Social Skills and Living Value Based Education,5,BSc,Physical Education,,,,,no_code_placeholder,2024 BSC PHYSICAL EDUCATION FINAL.pdf
2024,UPE24503L,PE Practical - III,5,BSc,Physical Education,,,,,ltpc_shared_with_group,2024 BSC PHYSICAL EDUCATION FINAL.pdf
2024,UPE24504L,PE Practical - IV,5,BSc,Physical Education,,,,,ltpc_shared_with_group,2024 BSC PHYSICAL EDUCATION FINAL.pdf
2024,,Minor Elective - IV,5,BSc,Physical Education,,,,4,no_code_placeholder,2024 BSC PHYSICAL EDUCATION FINAL.pdf
2024,,Multidisciplinary Course I,5,BSc,Physical Education,,,,3,no_code_placeholder,2024 BSC PHYSICAL EDUCATION FINAL.pdf
2024,UES24V01T,Environmental Studies,5,BSc,Physical Education,2,0,0,2,,2024 BSC PHYSICAL EDUCATION FINAL.pdf
2024,UCD24S04J,Career Readiness and,5,BSc,Physical Education,,,,,ltpc_shared_with_group,2024 BSC PHYSICAL EDUCATION FINAL.pdf
2024,,Professional Skills,5,BSc,Physical Education,,,,,no_code_placeholder,2024 BSC PHYSICAL EDUCATION FINAL.pdf
2024,UPE24P02L,Internship - II,5,BSc,Physical Education,0,0,0,1,,2024 BSC PHYSICAL EDUCATION FINAL.pdf
2024,,Test Measurement and,6,BSc,Physical Education,,,,,no_code_placeholder,2024 BSC PHYSICAL EDUCATION FINAL.pdf
2024,UPE24601T,Evaluation in Physical,6,BSc,Physical Education,,,,,ltpc_shared_with_group,2024 BSC PHYSICAL EDUCATION FINAL.pdf
2024,,Education,6,BSc,Physical Education,,,,,no_code_placeholder,2024 BSC PHYSICAL EDUCATION FINAL.pdf
2024,UPE24602T,Anthropometry in Sports,6,BSc,Physical Education,,,,,ltpc_shared_with_group,2024 BSC PHYSICAL EDUCATION FINAL.pdf
2024,UPE24603L,PE Practical - V,6,BSc,Physical Education,,,,,ltpc_shared_with_group,2024 BSC PHYSICAL EDUCATION FINAL.pdf
2024,UPE24604L,PE Practical - VI,6,BSc,Physical Education,,,,,ltpc_shared_with_group,2024 BSC PHYSICAL EDUCATION FINAL.pdf
2024,,Minor Elective – V,6,BSc,Physical Education,,,,4,no_code_placeholder,2024 BSC PHYSICAL EDUCATION FINAL.pdf
2024,,Minor Elective - VI,6,BSc,Physical Education,,,,4,no_code_placeholder,2024 BSC PHYSICAL EDUCATION FINAL.pdf
2024,UPE24P03L,Project Work,6,BSc,Physical Education,0,0,4,2,,2024 BSC PHYSICAL EDUCATION FINAL.pdf
2024,UCD24V02T,Universal Human Values,6,BSc,Physical Education,2,0,0,2,,2024 BSC PHYSICAL EDUCATION FINAL.pdf
2024,UPE24701T,Fitness Management,7,BSc,Physical Education,,,,,ltpc_shared_with_group,2024 BSC PHYSICAL EDUCATION FINAL.pdf
2024,UPE24702T,Adapted Physical Education,7,BSc,Physical Education,,,,,ltpc_shared_with_group,2024 BSC PHYSICAL EDUCATION FINAL.pdf
2024,UPE24703L,PE Practical - VII,7,BSc,Physical Education,,,,,ltpc_shared_with_group,2024 BSC PHYSICAL EDUCATION FINAL.pdf
2024,UPE24704L,PE Practical - VIII,7,BSc,Physical Education,,,,,ltpc_shared_with_group,2024 BSC PHYSICAL EDUCATION FINAL.pdf
2024,UPE24705T,Research and Statistics in Physical Education,7,BSc,Physical Education,,,,,ltpc_shared_with_group,2024 BSC PHYSICAL EDUCATION FINAL.pdf
2024,UPE24706T,Sports Journalism and Mass Media,7,BSc,Physical Education,,,,,ltpc_shared_with_group,2024 BSC PHYSICAL EDUCATION FINAL.pdf
2024,,Minor Elective - VII,7,BSc,Physical Education,,,,4,no_code_placeholder,2024 BSC PHYSICAL EDUCATION FINAL.pdf
2024,,Minor Elective - VIII,7,BSc,Physical Education,,,,4,no_code_placeholder,2024 BSC PHYSICAL EDUCATION FINAL.pdf
2024,UPE24801L,Practical - Yoga and Gymnastics,8,BSc,Physical Education,,,,,ltpc_shared_with_group,2024 BSC PHYSICAL EDUCATION FINAL.pdf
2024,UPE24802L,Major Games - Practical,8,BSc,Physical Education,,,,,ltpc_shared_with_group,2024 BSC PHYSICAL EDUCATION FINAL.pdf
2024,UPE24803T,Care of Athletic Injuries,8,BSc,Physical Education,,,,,ltpc_shared_with_group,2024 BSC PHYSICAL EDUCATION FINAL.pdf
2024,UPE24804T,Theories of Major Games - Part - II,8,BSc,Physical Education,4,0,0,4,,2024 BSC PHYSICAL EDUCATION FINAL.pdf
2024,UPE24P04L,Research Project and,8,BSc,Physical Education,,,,,ltpc_shared_with_group,2024 BSC PHYSICAL EDUCATION FINAL.pdf
2024,,Dissertation,8,BSc,Physical Education,0,0,24,12,no_code_placeholder,2024 BSC PHYSICAL EDUCATION FINAL.pdf
2024,UPE24P05L,Professional Internship,8,BSc,Physical Education,,,,,ltpc_shared_with_group,2024 BSC PHYSICAL EDUCATION FINAL.pdf
2024,ULT24AE1J,Tamil – I,1,BSc,Physics,2,0,2,3,,2024 BSC PHYSICS FINAL.pdf
2024,ULH24AE1J,Hindi – I,1,BSc,Physics,,,,,ltpc_shared_with_group,2024 BSC PHYSICS FINAL.pdf
2024,ULF24AE1J,French – I,1,BSc,Physics,,,,,ltpc_shared_with_group,2024 BSC PHYSICS FINAL.pdf
2024,ULE24AE1J,English,1,BSc,Physics,2,0,2,3,,2024 BSC PHYSICS FINAL.pdf
2024,UPY24101J,Mathematical Physics – I,1,BSc,Physics,3,0,2,4,,2024 BSC PHYSICS FINAL.pdf
2024,UPY24102J,Heat and Thermodynamics,1,BSc,Physics,3,0,3,4,,2024 BSC PHYSICS FINAL.pdf
2024,UPY24103J,Wave and Optics,1,BSc,Physics,3,0,3,4,,2024 BSC PHYSICS FINAL.pdf
2024,UCD24S01J,Verbal Ability and Skill Development,1,BSc,Physics,1,0,2,2,,2024 BSC PHYSICS FINAL.pdf
2024,ULT24AE2J,Tamil – II,2,BSc,Physics,2,0,2,3,,2024 BSC PHYSICS FINAL.pdf
2024,ULH24AE2J,Hindi – II,2,BSc,Physics,,,,,ltpc_shared_with_group,2024 BSC PHYSICS FINAL.pdf
2024,ULF24AE2J,French – II,2,BSc,Physics,,,,,ltpc_shared_with_group,2024 BSC PHYSICS FINAL.pdf
2024,UPY24201J,Classical Mechanics – I,2,BSc,Physics,3,0,2,4,,2024 BSC PHYSICS FINAL.pdf
2024,UPY24202J,Electricity and Magnetism,2,BSc,Physics,3,0,3,4,,2024 BSC PHYSICS FINAL.pdf
2024,UPY24203J,Computational Physics,2,BSc,Physics,3,0,3,4,,2024 BSC PHYSICS FINAL.pdf
2024,UCD24V01T,Essentials of Artificial Intelligence,2,BSc,Physics,1,0,0,1,,2024 BSC PHYSICS FINAL.pdf
2024,,Multidisciplinary Course – I,2,BSc,Physics,,,,3,no_code_placeholder,2024 BSC PHYSICS FINAL.pdf
2024,UCD24S02L,Quantitative Aptitude and Logical Reasoning,2,BSc,Physics,0,0,2,1,,2024 BSC PHYSICS FINAL.pdf
2024,UNS24Y01L,NSS,2,BSc,Physics,0,0,0,0,,2024 BSC PHYSICS FINAL.pdf
2024,UNC24Y01L,NCC,2,BSc,Physics,,,,,ltpc_shared_with_group,2024 BSC PHYSICS FINAL.pdf
2024,UNO24Y01L,NSO,2,BSc,Physics,,,,,ltpc_shared_with_group,2024 BSC PHYSICS FINAL.pdf
2024,UYG24Y01L,YOGA,2,BSc,Physics,,,,,ltpc_shared_with_group,2024 BSC PHYSICS FINAL.pdf
2024,UPY24301J,Quantum Mechanics – I,3,BSc,Physics,3,0,2,4,,2024 BSC PHYSICS FINAL.pdf
2024,UPY24302J,Solid State Physics,3,BSc,Physics,3,0,3,4,,2024 BSC PHYSICS FINAL.pdf
2024,UPY24303J,Electronics,3,BSc,Physics,3,0,3,4,,2024 BSC PHYSICS FINAL.pdf
2024,,Minor Elective – I,3,BSc,Physics,,,,4,no_code_placeholder,2024 BSC PHYSICS FINAL.pdf
2024,,Multidisciplinary Course – II,3,BSc,Physics,,,,3,no_code_placeholder,2024 BSC PHYSICS FINAL.pdf
2024,UPY24P01L,Internship – I,3,BSc,Physics,0,0,0,1,,2024 BSC PHYSICS FINAL.pdf
2024,UPY24401J,Statistical Mechanics,4,BSc,Physics,3,0,2,4,,2024 BSC PHYSICS FINAL.pdf
2024,UPY24D01J,Classical Mechanics – II,4,BSc,Physics,3,0,2,4,,2024 BSC PHYSICS FINAL.pdf
2024,,Minor Elective – II,4,BSc,Physics,,,,4,no_code_placeholder,2024 BSC PHYSICS FINAL.pdf
2024,,Minor Elective – III,4,BSc,Physics,,,,4,no_code_placeholder,2024 BSC PHYSICS FINAL.pdf
2024,UEN24S01L,Communication Skills,4,BSc,Physics,0,0,4,2,,2024 BSC PHYSICS FINAL.pdf
2024,UCD24S03J,Industry Oriented Employability and Leadership Skills,4,BSc,Physics,1,0,2,2,,2024 BSC PHYSICS FINAL.pdf
2024,UMI24Y01L,My India Project,4,BSc,Physics,0,0,0,0,,2024 BSC PHYSICS FINAL.pdf
2024,UPY24D02J,Atomic and Molecular Physics,5,BSc,Physics,3,0,2,4,,2024 BSC PHYSICS FINAL.pdf
2024,UPY24D03J,Digital Electronics,5,BSc,Physics,3,0,3,4,,2024 BSC PHYSICS FINAL.pdf
2024,UPY24D04J,Astrophysics,5,BSc,Physics,,,,,ltpc_shared_with_group,2024 BSC PHYSICS FINAL.pdf
2024,,Minor Elective – IV,5,BSc,Physics,,,,4,no_code_placeholder,2024 BSC PHYSICS FINAL.pdf
2024,,Multidisciplinary Course – III,5,BSc,Physics,,,,3,no_code_placeholder,2024 BSC PHYSICS FINAL.pdf
2024,UES24V01T,Environmental Studies,5,BSc,Physics,2,0,0,2,,2024 BSC PHYSICS FINAL.pdf
2024,UCD24S04J,Career Readiness and Professional Skills,5,BSc,Physics,1,0,2,2,,2024 BSC PHYSICS FINAL.pdf
2024,UPY24P02L,Internship – II,5,BSc,Physics,0,0,0,1,,2024 BSC PHYSICS FINAL.pdf
2024,UPY24D05J,Electrodynamics,6,BSc,Physics,3,0,3,4,,2024 BSC PHYSICS FINAL.pdf
2024,UPY24D06J,"Data, Statistics, and Inference",6,BSc,Physics,,,,,ltpc_shared_with_group,2024 BSC PHYSICS FINAL.pdf
2024,UPY24D07J,Mathematical Physics – II,6,BSc,Physics,3,0,2,4,,2024 BSC PHYSICS FINAL.pdf
2024,UPY24D08J,Advanced Computations,6,BSc,Physics,,,,4,ltpc_shared_with_group,2024 BSC PHYSICS FINAL.pdf
2024,,Minor Elective – V,6,BSc,Physics,,,,4,no_code_placeholder,2024 BSC PHYSICS FINAL.pdf
2024,,Minor Elective – VI,6,BSc,Physics,,,,4,no_code_placeholder,2024 BSC PHYSICS FINAL.pdf
2024,UPY24P03L,Project Work,6,BSc,Physics,0,0,4,2,,2024 BSC PHYSICS FINAL.pdf
2024,UCD24V02T,Universal Human Values,6,BSc,Physics,2,0,0,2,,2024 BSC PHYSICS FINAL.pdf
2024,UPY24D09J,Research Methodology,7,BSc,Physics,3,0,2,4,,2024 BSC PHYSICS FINAL.pdf
2024,UPY24D10J,Condensed Matter Physics,7,BSc,Physics,3,0,3,4,,2024 BSC PHYSICS FINAL.pdf
2024,UPY24D11J,Thin Films,7,BSc,Physics,,,,,ltpc_shared_with_group,2024 BSC PHYSICS FINAL.pdf
2024,UPY24D12J,Sensors and Detectors,7,BSc,Physics,,,,,ltpc_shared_with_group,2024 BSC PHYSICS FINAL.pdf
2024,UPY24D13J,Quantum Mechanics – II,7,BSc,Physics,3,0,3,4,,2024 BSC PHYSICS FINAL.pdf
2024,UPY24D14J,Group Theory for Materials,7,BSc,Physics,,,,,ltpc_shared_with_group,2024 BSC PHYSICS FINAL.pdf
2024,UPY24D15J,Energy Storage and Devices,7,BSc,Physics,,,,,ltpc_shared_with_group,2024 BSC PHYSICS FINAL.pdf
2024,,Minor Elective – VII,7,BSc,Physics,,,,4,no_code_placeholder,2024 BSC PHYSICS FINAL.pdf
2024,,Minor Elective – VIII,7,BSc,Physics,,,,4,no_code_placeholder,2024 BSC PHYSICS FINAL.pdf
2024,UPY24D16J,Symmetries and Fields,8,BSc,Physics,3,0,2,4,,2024 BSC PHYSICS FINAL.pdf
2024,UPY24D17J,Quantum Photonics,8,BSc,Physics,,,,,ltpc_shared_with_group,2024 BSC PHYSICS FINAL.pdf
2024,UPY24D18L,Advanced Laboratory,8,BSc,Physics,,,,8,ltpc_shared_with_group,2024 BSC PHYSICS FINAL.pdf
2024,UPY24D19J,Nuclear and Particle Physics,8,BSc,Physics,3,0,2,4,,2024 BSC PHYSICS FINAL.pdf
2024,UPY24D20J,Quantum Information and Computations,8,BSc,Physics,,,,,ltpc_shared_with_group,2024 BSC PHYSICS FINAL.pdf
2024,UPY24D21J,Physics of Nanomaterials,8,BSc,Physics,,,,,ltpc_shared_with_group,2024 BSC PHYSICS FINAL.pdf
2024,UPY24P04L,Research Project and Dissertation,8,BSc,Physics,0,0,24,12,,2024 BSC PHYSICS FINAL.pdf
2024,UPY24P05L,Professional Internship,8,BSc,Physics,,,,,ltpc_shared_with_group,2024 BSC PHYSICS FINAL.pdf
2024,ULT24AE1J,Tamil - I,1,BSc,Psychology,2,0,2,3,,2024 BSC PSYCHOLOGY FINAL.pdf
2024,ULH24AE1J,Hindi - I,1,BSc,Psychology,,,,,ltpc_shared_with_group,2024 BSC PSYCHOLOGY FINAL.pdf
2024,ULF24AE1J,French - I,1,BSc,Psychology,,,,,ltpc_shared_with_group,2024 BSC PSYCHOLOGY FINAL.pdf
2024,ULE24AE1J,English,1,BSc,Psychology,2,0,2,3,,2024 BSC PSYCHOLOGY FINAL.pdf
2024,USY24101J,Introduction to Psychology,1,BSc,Psychology,3,0,3,4,,2024 BSC PSYCHOLOGY FINAL.pdf
2024,USY24102J,Schools and Systems,1,BSc,Psychology,3,0,2,4,,2024 BSC PSYCHOLOGY FINAL.pdf
2024,USY24103J,Developmental Psychology,1,BSc,Psychology,3,0,3,4,,2024 BSC PSYCHOLOGY FINAL.pdf
2024,UCD24S01J,Verbal Ability and Skill Development,1,BSc,Psychology,1,0,2,2,,2024 BSC PSYCHOLOGY FINAL.pdf
2024,ULT24AE2J,Tamil - II,2,BSc,Psychology,2,0,2,3,,2024 BSC PSYCHOLOGY FINAL.pdf
2024,ULH24AE2J,Hindi - II,2,BSc,Psychology,,,,,ltpc_shared_with_group,2024 BSC PSYCHOLOGY FINAL.pdf
2024,ULF24AE2J,French - II,2,BSc,Psychology,,,,,ltpc_shared_with_group,2024 BSC PSYCHOLOGY FINAL.pdf
2024,USY24201J,Social Psychology,2,BSc,Psychology,3,0,2,4,,2024 BSC PSYCHOLOGY FINAL.pdf
2024,USY24202J,Biological Psychology,2,BSc,Psychology,3,0,3,4,,2024 BSC PSYCHOLOGY FINAL.pdf
2024,USY24203J,Abnormal Behaviour,2,BSc,Psychology,3,0,3,4,,2024 BSC PSYCHOLOGY FINAL.pdf
2024,UCD24V01T,Essentials of Artificial Intelligence,2,BSc,Psychology,1,0,0,1,,2024 BSC PSYCHOLOGY FINAL.pdf
2024,,Multidisciplinary Course - I,2,BSc,Psychology,,,,3,no_code_placeholder,2024 BSC PSYCHOLOGY FINAL.pdf
2024,UCD24S02L,Quantitative Aptitude and Logical Reasoning,2,BSc,Psychology,0,0,2,1,,2024 BSC PSYCHOLOGY FINAL.pdf
2024,UNS24Y01L,NSS,2,BSc,Psychology,0,0,0,0,,2024 BSC PSYCHOLOGY FINAL.pdf
2024,UNC24Y01L,NCC,2,BSc,Psychology,,,,,ltpc_shared_with_group,2024 BSC PSYCHOLOGY FINAL.pdf
2024,UNO24Y01L,NSO,2,BSc,Psychology,,,,,ltpc_shared_with_group,2024 BSC PSYCHOLOGY FINAL.pdf
2024,UYG24Y01L,YOGA,2,BSc,Psychology,,,,,ltpc_shared_with_group,2024 BSC PSYCHOLOGY FINAL.pdf
2024,USY24301J,Introduction to Personality,3,BSc,Psychology,3,0,3,4,,2024 BSC PSYCHOLOGY FINAL.pdf
2024,USY24302J,Psychopathology,3,BSc,Psychology,3,0,3,4,,2024 BSC PSYCHOLOGY FINAL.pdf
2024,USY24303J,Quantitative Data Analysis,3,BSc,Psychology,3,0,3,4,,2024 BSC PSYCHOLOGY FINAL.pdf
2024,,Minor Elective - I,3,BSc,Psychology,,,,4,no_code_placeholder,2024 BSC PSYCHOLOGY FINAL.pdf
2024,,Multidisciplinary Course-II,3,BSc,Psychology,,,,3,no_code_placeholder,2024 BSC PSYCHOLOGY FINAL.pdf
2024,USY24P01L,Internship - I,3,BSc,Psychology,0,0,0,1,,2024 BSC PSYCHOLOGY FINAL.pdf
2024,USY24401J,Psychological Assessment,4,BSc,Psychology,3,0,3,4,,2024 BSC PSYCHOLOGY FINAL.pdf
2024,USY24D01J,Organizational Psychology,4,BSc,Psychology,3,0,2,4,,2024 BSC PSYCHOLOGY FINAL.pdf
2024,USY24D02J,Consumer Behaviour,4,BSc,Psychology,,,,,ltpc_shared_with_group,2024 BSC PSYCHOLOGY FINAL.pdf
2024,,Minor Elective - II,4,BSc,Psychology,,,,4,no_code_placeholder,2024 BSC PSYCHOLOGY FINAL.pdf
2024,,Minor Elective - III,4,BSc,Psychology,,,,4,no_code_placeholder,2024 BSC PSYCHOLOGY FINAL.pdf
2024,UEN24S01L,Communication Skills,4,BSc,Psychology,0,0,4,2,,2024 BSC PSYCHOLOGY FINAL.pdf
2024,UCD24S03J,Industry Oriented Employability and,4,BSc,Psychology,1,0,2,2,,2024 BSC PSYCHOLOGY FINAL.pdf
2024,,Leadership Skills,4,BSc,Psychology,,,,,no_code_placeholder,2024 BSC PSYCHOLOGY FINAL.pdf
2024,UMI24Y01L,My India Project,4,BSc,Psychology,0,0,0,0,,2024 BSC PSYCHOLOGY FINAL.pdf
2024,USY24D03J,School Counselling,5,BSc,Psychology,3,0,3,4,,2024 BSC PSYCHOLOGY FINAL.pdf
2024,USY24D04J,Psychodiagnostics,5,BSc,Psychology,,,,,ltpc_shared_with_group,2024 BSC PSYCHOLOGY FINAL.pdf
2024,USY24D05J,Sports and Exercise Psychology,5,BSc,Psychology,3,0,3,4,,2024 BSC PSYCHOLOGY FINAL.pdf
2024,USY24D06J,Psychotherapy,5,BSc,Psychology,,,,,ltpc_shared_with_group,2024 BSC PSYCHOLOGY FINAL.pdf
2024,,Minor Elective - IV,5,BSc,Psychology,,,,4,no_code_placeholder,2024 BSC PSYCHOLOGY FINAL.pdf
2024,,Multidisciplinary Course - III,5,BSc,Psychology,,,,3,no_code_placeholder,2024 BSC PSYCHOLOGY FINAL.pdf
2024,UES24V01T,Environmental Studies,5,BSc,Psychology,2,0,0,2,,2024 BSC PSYCHOLOGY FINAL.pdf
2024,UCD24S04J,Career Readiness and Professional Skills,5,BSc,Psychology,1,0,2,2,,2024 BSC PSYCHOLOGY FINAL.pdf
2024,USY24P02L,Internship - II,5,BSc,Psychology,0,0,0,1,,2024 BSC PSYCHOLOGY FINAL.pdf
2024,USY24D07J,Counselling Psychology,6,BSc,Psychology,,,,,ltpc_shared_with_group,2024 BSC PSYCHOLOGY FINAL.pdf
2024,USY24D08J,Applied Social Psychology,6,BSc,Psychology,,,,,ltpc_shared_with_group,2024 BSC PSYCHOLOGY FINAL.pdf
2024,USY24D09J,Transpersonal Psychology,6,BSc,Psychology,,,,,ltpc_shared_with_group,2024 BSC PSYCHOLOGY FINAL.pdf
2024,USY24D10J,Social Anthropology,6,BSc,Psychology,,,,,ltpc_shared_with_group,2024 BSC PSYCHOLOGY FINAL.pdf
2024,,Minor Elective - V,6,BSc,Psychology,,,,4,no_code_placeholder,2024 BSC PSYCHOLOGY FINAL.pdf
2024,,Minor Elective - VI,6,BSc,Psychology,,,,4,no_code_placeholder,2024 BSC PSYCHOLOGY FINAL.pdf
2024,USY24P03L,Project Work,6,BSc,Psychology,0,0,4,2,,2024 BSC PSYCHOLOGY FINAL.pdf
2024,UCD24V02T,Universal Human Values,6,BSc,Psychology,2,0,0,2,,2024 BSC PSYCHOLOGY FINAL.pdf
2024,USY24D11J,Psychological Research,7,BSc,Psychology,3,0,3,4,,2024 BSC PSYCHOLOGY FINAL.pdf
2024,USY24D12J,Indian Psychology,7,BSc,Psychology,,,,,ltpc_shared_with_group,2024 BSC PSYCHOLOGY FINAL.pdf
2024,USY24D13J,Principles of Sociology,7,BSc,Psychology,,,,,ltpc_shared_with_group,2024 BSC PSYCHOLOGY FINAL.pdf
2024,USY24D14J,Counselling Skills,7,BSc,Psychology,,,,,ltpc_shared_with_group,2024 BSC PSYCHOLOGY FINAL.pdf
2024,USY24D15J,Cross - Cultural Psychology,7,BSc,Psychology,,,,,ltpc_shared_with_group,2024 BSC PSYCHOLOGY FINAL.pdf
2024,,Minor Elective - VII,7,BSc,Psychology,,,,4,no_code_placeholder,2024 BSC PSYCHOLOGY FINAL.pdf
2024,,Minor Elective - VIII,7,BSc,Psychology,,,,4,no_code_placeholder,2024 BSC PSYCHOLOGY FINAL.pdf
2024,USY24D16T,Health Psychology,8,BSc,Psychology,,,,,ltpc_shared_with_group,2024 BSC PSYCHOLOGY FINAL.pdf
2024,USY24D17T,Forensic Psychology,8,BSc,Psychology,,,,,ltpc_shared_with_group,2024 BSC PSYCHOLOGY FINAL.pdf
2024,USY24D18T,Cognitive Psychology,8,BSc,Psychology,,,,,ltpc_shared_with_group,2024 BSC PSYCHOLOGY FINAL.pdf
2024,USY24D19T,Behavioural Coaching,8,BSc,Psychology,,,,,ltpc_shared_with_group,2024 BSC PSYCHOLOGY FINAL.pdf
2024,USY24P04L,Research Project and Dissertation,8,BSc,Psychology,,,,,ltpc_shared_with_group,2024 BSC PSYCHOLOGY FINAL.pdf
2024,USY24P05L,Professional Internship,8,BSc,Psychology,,,,,ltpc_shared_with_group,2024 BSC PSYCHOLOGY FINAL.pdf
2024,ULT24AE1J,Tamil – I,1,BSc,Statistics,,,,,ltpc_shared_with_group,2024 BSC STATISTICS.pdf
2024,ULH24AE1J,Hindi – I,1,BSc,Statistics,2,0,2,3,,2024 BSC STATISTICS.pdf
2024,ULF24AE1J,French – I,1,BSc,Statistics,,,,,ltpc_shared_with_group,2024 BSC STATISTICS.pdf
2024,ULE24AE1J,English,1,BSc,Statistics,2,0,2,3,,2024 BSC STATISTICS.pdf
2024,UST24101J,Probability and Random Variables,1,BSc,Statistics,3,0,3,4,,2024 BSC STATISTICS.pdf
2024,UST24102J,Descriptive Statistics,1,BSc,Statistics,3,0,3,4,,2024 BSC STATISTICS.pdf
2024,UST24103J,Mathematics for Statistics – I,1,BSc,Statistics,3,0,3,4,,2024 BSC STATISTICS.pdf
2024,UCD24S01J,Verbal Ability and Skill Development,1,BSc,Statistics,1,0,2,2,,2024 BSC STATISTICS.pdf
2024,ULT24AE2J,Tamil – II,2,BSc,Statistics,2,0,2,3,,2024 BSC STATISTICS.pdf
2024,ULH24AE2J,Hindi – II,2,BSc,Statistics,,,,,ltpc_shared_with_group,2024 BSC STATISTICS.pdf
2024,ULF24AE2J,French – II,2,BSc,Statistics,,,,,ltpc_shared_with_group,2024 BSC STATISTICS.pdf
2024,UST24201J,Discrete Probability Distributions,2,BSc,Statistics,3,0,3,4,,2024 BSC STATISTICS.pdf
2024,UST24202J,Linear Algebra and Real Analysis,2,BSc,Statistics,3,0,3,4,,2024 BSC STATISTICS.pdf
2024,UST24203J,Mathematics for Statistics – II,2,BSc,Statistics,3,0,3,4,,2024 BSC STATISTICS.pdf
2024,UCD24V01T,Essentials of Artificial Intelligence,2,BSc,Statistics,1,0,0,1,,2024 BSC STATISTICS.pdf
2024,,Multidisciplinary Course – I,2,BSc,Statistics,,,,3,no_code_placeholder,2024 BSC STATISTICS.pdf
2024,UCD24S02L,Quantitative Aptitude and Logical Reasoning,2,BSc,Statistics,0,0,2,1,,2024 BSC STATISTICS.pdf
2024,UNS24Y01L,NSS,2,BSc,Statistics,0,0,0,0,,2024 BSC STATISTICS.pdf
2024,UNC24Y01L,NCC,2,BSc,Statistics,,,,,ltpc_shared_with_group,2024 BSC STATISTICS.pdf
2024,UNO24Y01L,NSO,2,BSc,Statistics,,,,,ltpc_shared_with_group,2024 BSC STATISTICS.pdf
2024,UYG24Y01L,YOGA,2,BSc,Statistics,,,,,ltpc_shared_with_group,2024 BSC STATISTICS.pdf
2024,UST24301J,Continuous Probability Distributions,3,BSc,Statistics,3,0,3,4,,2024 BSC STATISTICS.pdf
2024,UST24302J,Numerical Analysis,3,BSc,Statistics,3,0,3,4,,2024 BSC STATISTICS.pdf
2024,UST24303J,Estimation Theory,3,BSc,Statistics,3,0,3,4,,2024 BSC STATISTICS.pdf
2024,,Minor Elective – I,3,BSc,Statistics,,,,4,no_code_placeholder,2024 BSC STATISTICS.pdf
2024,,Multidisciplinary Course – II,3,BSc,Statistics,,,,3,no_code_placeholder,2024 BSC STATISTICS.pdf
2024,UST24P01L,Internship – I,3,BSc,Statistics,0,0,0,1,,2024 BSC STATISTICS.pdf
2024,UST24401J,Testing of Hypothesis,4,BSc,Statistics,3,0,3,4,,2024 BSC STATISTICS.pdf
2024,UST24D01J,Applied Statistics,4,BSc,Statistics,3,0,2,4,,2024 BSC STATISTICS.pdf
2024,UST24D02J,Operations Research,4,BSc,Statistics,,,,,ltpc_shared_with_group,2024 BSC STATISTICS.pdf
2024,,Minor Elective – II,4,BSc,Statistics,3,0,3,4,no_code_placeholder,2024 BSC STATISTICS.pdf
2024,,Minor Elective – III,4,BSc,Statistics,3,0,3,4,no_code_placeholder,2024 BSC STATISTICS.pdf
2024,UEN24S01L,Communication Skills,4,BSc,Statistics,0,0,4,2,,2024 BSC STATISTICS.pdf
2024,UCD24S03J,Industry Oriented Employability and Leadership Skills,4,BSc,Statistics,1,0,2,2,,2024 BSC STATISTICS.pdf
2024,UMI24Y01L,My India Project,4,BSc,Statistics,0,0,0,0,,2024 BSC STATISTICS.pdf
2024,UST24D03J,Demography and Vital Statistics,5,BSc,Statistics,3,0,3,4,,2024 BSC STATISTICS.pdf
2024,UST24D04J,Survey Sampling and Indian Official Statistics,5,BSc,Statistics,,,,,ltpc_shared_with_group,2024 BSC STATISTICS.pdf
2024,UST24D05J,Design of Experiments,5,BSc,Statistics,3,0,3,4,,2024 BSC STATISTICS.pdf
2024,UST24D06J,Industrial Statistics,5,BSc,Statistics,,,,,ltpc_shared_with_group,2024 BSC STATISTICS.pdf
2024,,Minor Elective – IV,5,BSc,Statistics,,,,4,no_code_placeholder,2024 BSC STATISTICS.pdf
2024,,Multidisciplinary Course – III,5,BSc,Statistics,2,0,2,3,no_code_placeholder,2024 BSC STATISTICS.pdf
2024,UES24V01T,Environmental Studies,5,BSc,Statistics,2,0,0,2,,2024 BSC STATISTICS.pdf
2024,UCD24S04J,Career Readiness and Professional Skills,5,BSc,Statistics,1,0,2,2,,2024 BSC STATISTICS.pdf
2024,UST24P02L,Internship – II,5,BSc,Statistics,0,0,0,1,,2024 BSC STATISTICS.pdf
2024,UST24D07J,Statistical Quality Control,6,BSc,Statistics,3,0,3,4,,2024 BSC STATISTICS.pdf
2024,UST24D08J,Actuarial Statistics,6,BSc,Statistics,,,,,ltpc_shared_with_group,2024 BSC STATISTICS.pdf
2024,UST24D09J,Basic Econometrics,6,BSc,Statistics,3,0,3,4,,2024 BSC STATISTICS.pdf
2024,UST24D10J,Survival Analysis,6,BSc,Statistics,,,,,ltpc_shared_with_group,2024 BSC STATISTICS.pdf
2024,,Minor Elective – V,6,BSc,Statistics,3,0,3,4,no_code_placeholder,2024 BSC STATISTICS.pdf
2024,,Minor Elective – VI,6,BSc,Statistics,3,0,3,4,no_code_placeholder,2024 BSC STATISTICS.pdf
2024,UST24P03L,Project Work,6,BSc,Statistics,0,0,4,2,,2024 BSC STATISTICS.pdf
2024,UCD24V02T,Universal Human Values,6,BSc,Statistics,2,0,0,2,,2024 BSC STATISTICS.pdf
2024,UST24D11T,Research Methodology in Statistics,7,BSc,Statistics,4,0,0,4,,2024 BSC STATISTICS.pdf
2024,UST24D12T,Financial Statistics,7,BSc,Statistics,,,,,ltpc_shared_with_group,2024 BSC STATISTICS.pdf
2024,UST24D13J,Applied Regression Analysis,7,BSc,Statistics,3,0,3,4,,2024 BSC STATISTICS.pdf
2024,UST24D14J,Non-Parametric Statistical Inference,7,BSc,Statistics,,,,,ltpc_shared_with_group,2024 BSC STATISTICS.pdf
2024,UST24D15J,Time Series Analysis,7,BSc,Statistics,3,0,3,4,,2024 BSC STATISTICS.pdf
2024,UST24D16J,Biostatistics,7,BSc,Statistics,,,,,ltpc_shared_with_group,2024 BSC STATISTICS.pdf
2024,,Minor Elective – VII,7,BSc,Statistics,3,0,3,4,no_code_placeholder,2024 BSC STATISTICS.pdf
2024,,Minor Elective – VIII,7,BSc,Statistics,3,0,3,4,no_code_placeholder,2024 BSC STATISTICS.pdf
2024,UST24D17T,Stochastic Processes,8,BSc,Statistics,3,1,0,4,,2024 BSC STATISTICS.pdf
2024,UST24D18T,Queueing Theory,8,BSc,Statistics,,,,,ltpc_shared_with_group,2024 BSC STATISTICS.pdf
2024,UST24D19T,Multivariate Analysis,8,BSc,Statistics,3,1,0,4,,2024 BSC STATISTICS.pdf
2024,UST24D20T,Bayesian Inference,8,BSc,Statistics,,,,,ltpc_shared_with_group,2024 BSC STATISTICS.pdf
2024,UST24P04L,Research Project and Dissertation,8,BSc,Statistics,0,0,24,12,,2024 BSC STATISTICS.pdf
2024,UST24P05L,Professional Internship,8,BSc,Statistics,,,,,ltpc_shared_with_group,2024 BSC STATISTICS.pdf
2024,ULT24AE1J,Tamil - I,1,BSc,Visual Communication,2,0,2,3,,2024 BSC VISCOM FINAL.pdf
2024,ULH24AE1J,Hindi - I,1,BSc,Visual Communication,,,,,ltpc_shared_with_group,2024 BSC VISCOM FINAL.pdf
2024,ULF24AE1J,French - I,1,BSc,Visual Communication,,,,,ltpc_shared_with_group,2024 BSC VISCOM FINAL.pdf
2024,ULE24AE1J,English,1,BSc,Visual Communication,2,0,2,3,,2024 BSC VISCOM FINAL.pdf
2024,UVC24101T,Introduction to Visual Communication,1,BSc,Visual Communication,4,0,0,4,,2024 BSC VISCOM FINAL.pdf
2024,UVC24102J,Design Principles,1,BSc,Visual Communication,2,0,4,4,,2024 BSC VISCOM FINAL.pdf
2024,UVC24103L,Drawing Basics,1,BSc,Visual Communication,0,0,8,4,,2024 BSC VISCOM FINAL.pdf
2024,UCD24S01J,Verbal Ability and Skill Development,1,BSc,Visual Communication,1,0,2,2,,2024 BSC VISCOM FINAL.pdf
2024,ULT24AE2J,Tamil - II,2,BSc,Visual Communication,2,0,2,3,,2024 BSC VISCOM FINAL.pdf
2024,ULH24AE2J,Hindi - II,2,BSc,Visual Communication,,,,,ltpc_shared_with_group,2024 BSC VISCOM FINAL.pdf
2024,ULF24AE2J,French - II,2,BSc,Visual Communication,,,,,ltpc_shared_with_group,2024 BSC VISCOM FINAL.pdf
2024,UVC24201T,"Media, Culture and Society",2,BSc,Visual Communication,4,0,0,4,,2024 BSC VISCOM FINAL.pdf
2024,UVC24202T,Advertising,2,BSc,Visual Communication,4,0,0,4,,2024 BSC VISCOM FINAL.pdf
2024,UVC24203L,Computer Graphics,2,BSc,Visual Communication,0,0,8,4,,2024 BSC VISCOM FINAL.pdf
2024,UCD24V01T,Essentials of Artificial Intelligence,2,BSc,Visual Communication,1,0,0,1,,2024 BSC VISCOM FINAL.pdf
2024,,Multidisciplinary - I,2,BSc,Visual Communication,2,0,2,3,no_code_placeholder,2024 BSC VISCOM FINAL.pdf
2024,UCD24S02L,Quantitative Aptitude and Logical Reasoning,2,BSc,Visual Communication,0,0,2,1,,2024 BSC VISCOM FINAL.pdf
2024,UNS24Y01L,NSS,2,BSc,Visual Communication,0,0,0,0,,2024 BSC VISCOM FINAL.pdf
2024,UNC24Y01L,NCC,2,BSc,Visual Communication,,,,,ltpc_shared_with_group,2024 BSC VISCOM FINAL.pdf
2024,UNO24Y01L,NSO,2,BSc,Visual Communication,,,,,ltpc_shared_with_group,2024 BSC VISCOM FINAL.pdf
2024,UYG24Y01L,YOGA,2,BSc,Visual Communication,,,,,ltpc_shared_with_group,2024 BSC VISCOM FINAL.pdf
2024,UVC24301J,Digital Photography,3,BSc,Visual Communication,3,0,2,4,,2024 BSC VISCOM FINAL.pdf
2024,UVC24302T,Screenplay Writing,3,BSc,Visual Communication,4,0,0,4,,2024 BSC VISCOM FINAL.pdf
2024,UVC24303L,Art Direction,3,BSc,Visual Communication,0,0,8,4,,2024 BSC VISCOM FINAL.pdf
2024,,Minor Elective - I,3,BSc,Visual Communication,4,0,0,4,no_code_placeholder,2024 BSC VISCOM FINAL.pdf
2024,UVC24P01L,Internship - I,3,BSc,Visual Communication,0,0,0,1,,2024 BSC VISCOM FINAL.pdf
2024,,Multidisciplinary - II,3,BSc,Visual Communication,0,0,6,3,no_code_placeholder,2024 BSC VISCOM FINAL.pdf
2024,UVC24401T,Media and Social Psychology,4,BSc,Visual Communication,4,0,0,4,,2024 BSC VISCOM FINAL.pdf
2024,UVC24D01L,3D Animation,4,BSc,Visual Communication,0,0,8,4,,2024 BSC VISCOM FINAL.pdf
2024,UVC24D02L,3D Modeling,4,BSc,Visual Communication,,,,,ltpc_shared_with_group,2024 BSC VISCOM FINAL.pdf
2024,,Minor Elective - II,4,BSc,Visual Communication,2,0,4,4,no_code_placeholder,2024 BSC VISCOM FINAL.pdf
2024,,Minor Elective - III,4,BSc,Visual Communication,4,0,0,4,no_code_placeholder,2024 BSC VISCOM FINAL.pdf
2024,UEN24S01L,Communication Skills,4,BSc,Visual Communication,0,0,4,2,,2024 BSC VISCOM FINAL.pdf
2024,UCD24S03J,Industry Oriented Employability and Leadership,4,BSc,Visual Communication,1,0,2,2,,2024 BSC VISCOM FINAL.pdf
2024,,Skills,4,BSc,Visual Communication,,,,,no_code_placeholder,2024 BSC VISCOM FINAL.pdf
2024,UMI24Y01L,My India Project,4,BSc,Visual Communication,0,0,0,0,,2024 BSC VISCOM FINAL.pdf
2024,UVC24D03T,Film Studies,5,BSc,Visual Communication,4,0,0,4,,2024 BSC VISCOM FINAL.pdf
2024,UVC24D04T,Elements of Film,5,BSc,Visual Communication,,,,,ltpc_shared_with_group,2024 BSC VISCOM FINAL.pdf
2024,UVC24D05T,Media Management,5,BSc,Visual Communication,4,0,0,4,,2024 BSC VISCOM FINAL.pdf
2024,UVC24D06T,Media Organization,5,BSc,Visual Communication,,,,,ltpc_shared_with_group,2024 BSC VISCOM FINAL.pdf
2024,,Minor Elective – IV,5,BSc,Visual Communication,0,0,8,4,no_code_placeholder,2024 BSC VISCOM FINAL.pdf
2024,,Multidisciplinary – III,5,BSc,Visual Communication,0,0,6,3,no_code_placeholder,2024 BSC VISCOM FINAL.pdf
2024,UES24V01T,Environmental Studies,5,BSc,Visual Communication,2,0,0,2,,2024 BSC VISCOM FINAL.pdf
2024,UCD24S04J,Career Readiness and Professional,5,BSc,Visual Communication,1,0,2,2,,2024 BSC VISCOM FINAL.pdf
2024,,Skills,5,BSc,Visual Communication,,,,,no_code_placeholder,2024 BSC VISCOM FINAL.pdf
2024,UVC24P02L,Internship – II,5,BSc,Visual Communication,0,0,0,1,,2024 BSC VISCOM FINAL.pdf
2024,UVC24D07T,Digital Filmmaking,6,BSc,Visual Communication,4,0,0,4,,2024 BSC VISCOM FINAL.pdf
2024,UVC24D08T,Television Production,6,BSc,Visual Communication,,,,,ltpc_shared_with_group,2024 BSC VISCOM FINAL.pdf
2024,UVC24D09T,Media Laws and Ethics,6,BSc,Visual Communication,4,0,0,4,,2024 BSC VISCOM FINAL.pdf
2024,UVC24D10T,Indian Constitution and Administration,6,BSc,Visual Communication,,,,,ltpc_shared_with_group,2024 BSC VISCOM FINAL.pdf
2024,,Minor Elective –V,6,BSc,Visual Communication,3,0,2,4,no_code_placeholder,2024 BSC VISCOM FINAL.pdf
2024,,Minor Elective –VI,6,BSc,Visual Communication,0,0,8,4,no_code_placeholder,2024 BSC VISCOM FINAL.pdf
2024,UVC24P03L,Project Work,6,BSc,Visual Communication,0,0,4,2,,2024 BSC VISCOM FINAL.pdf
2024,UCD24V02T,Universal Human Values,6,BSc,Visual Communication,2,0,0,2,,2024 BSC VISCOM FINAL.pdf
2024,UVC24D11T,Media Research Methodology,7,BSc,Visual Communication,4,0,0,4,,2024 BSC VISCOM FINAL.pdf
2024,UVC24D12T,Media Economics,7,BSc,Visual Communication,,,,,ltpc_shared_with_group,2024 BSC VISCOM FINAL.pdf
2024,UVC24D13T,History of World Cinema,7,BSc,Visual Communication,4,0,0,4,,2024 BSC VISCOM FINAL.pdf
2024,UVC24D14T,History of India Cinema,7,BSc,Visual Communication,,,,,ltpc_shared_with_group,2024 BSC VISCOM FINAL.pdf
2024,UVC24D15L,Film Production Techniques,7,BSc,Visual Communication,0,0,8,4,,2024 BSC VISCOM FINAL.pdf
2024,UVC24D16L,Documentary Filmmaking,7,BSc,Visual Communication,,,,,ltpc_shared_with_group,2024 BSC VISCOM FINAL.pdf
2024,,Minor Elective - VII,7,BSc,Visual Communication,4,0,0,4,no_code_placeholder,2024 BSC VISCOM FINAL.pdf
2024,,Minor Elective - VIII,7,BSc,Visual Communication,1,0,8,4,no_code_placeholder,2024 BSC VISCOM FINAL.pdf
2024,UVC24D17T,Event Management,8,BSc,Visual Communication,4,0,0,4,,2024 BSC VISCOM FINAL.pdf
2024,UVC24D18T,ICT for Development,8,BSc,Visual Communication,,,,,ltpc_shared_with_group,2024 BSC VISCOM FINAL.pdf
2024,UVC24D19L,Tele Filmmaking,8,BSc,Visual Communication,0,0,8,4,,2024 BSC VISCOM FINAL.pdf
2024,UVC24D20L,Reality Show,8,BSc,Visual Communication,,,,,ltpc_shared_with_group,2024 BSC VISCOM FINAL.pdf
2024,UVC24P04L,Research Project and Dissertation,8,BSc,Visual Communication,0,0,24,12,,2024 BSC VISCOM FINAL.pdf
2024,UVC24P05L,Professional Internship,8,BSc,Visual Communication,,,,,ltpc_shared_with_group,2024 BSC VISCOM FINAL.pdf
2024,ULT24AE1J,Tamil - I,1,BSc,Biomedical Science,,,,,ltpc_shared_or_missing,UG 2024 BSC Biomedical Sciences.pdf
2024,ULH24AE1J,Hindi - I,1,BSc,Biomedical Science,2,0,2,3,,UG 2024 BSC Biomedical Sciences.pdf
2024,ULF24AE1J,French - I,1,BSc,Biomedical Science,,,,,ltpc_shared_or_missing,UG 2024 BSC Biomedical Sciences.pdf
2024,ULE24AE1J,English,1,BSc,Biomedical Science,2,0,2,3,,UG 2024 BSC Biomedical Sciences.pdf
2024,UBM24101J,Biochemistry,1,BSc,Biomedical Science,3,0,2,4,,UG 2024 BSC Biomedical Sciences.pdf
2024,UBM24102J,Cell Biology,1,BSc,Biomedical Science,3,0,2,4,,UG 2024 BSC Biomedical Sciences.pdf
2024,UBM24103J,Human Anatomy and Physiology,1,BSc,Biomedical Science,3,0,2,4,,UG 2024 BSC Biomedical Sciences.pdf
2024,UCD24S01J,Verbal Ability and Skill Development,1,BSc,Biomedical Science,1,0,2,2,,UG 2024 BSC Biomedical Sciences.pdf
2024,ULT24AE2J,Tamil - II,2,BSc,Biomedical Science,,,,,ltpc_shared_or_missing,UG 2024 BSC Biomedical Sciences.pdf
2024,ULH24AE2J,Hindi - II,2,BSc,Biomedical Science,2,0,2,3,,UG 2024 BSC Biomedical Sciences.pdf
2024,ULF24AE2J,French - II,2,BSc,Biomedical Science,,,,,ltpc_shared_or_missing,UG 2024 BSC Biomedical Sciences.pdf
2024,UBM24201J,Molecular Biology,2,BSc,Biomedical Science,3,0,2,4,,UG 2024 BSC Biomedical Sciences.pdf
2024,UBM24202J,Microbiology,2,BSc,Biomedical Science,3,0,2,4,,UG 2024 BSC Biomedical Sciences.pdf
2024,UBM24203J,Enzymology,2,BSc,Biomedical Science,3,0,2,4,,UG 2024 BSC Biomedical Sciences.pdf
2024,UCD24V01T,Essentials of Artificial Intelligence,2,BSc,Biomedical Science,1,0,0,1,,UG 2024 BSC Biomedical Sciences.pdf
2024,,Multidisciplinary Course-I,2,BSc,Biomedical Science,,,,3,no_code_placeholder,UG 2024 BSC Biomedical Sciences.pdf
2024,UCD24S02L,Quantitative Aptitude and Logical Reasoning,2,BSc,Biomedical Science,0,0,2,1,,UG 2024 BSC Biomedical Sciences.pdf
2024,UNS24Y01L,NSS,2,BSc,Biomedical Science,,,,,ltpc_shared_or_missing,UG 2024 BSC Biomedical Sciences.pdf
2024,UNC24Y01L,NCC,2,BSc,Biomedical Science,0,0,0,0,ltpc_shared_or_missing,UG 2024 BSC Biomedical Sciences.pdf
2024,UNO24Y01L,NSO,2,BSc,Biomedical Science,,,,,ltpc_shared_or_missing,UG 2024 BSC Biomedical Sciences.pdf
2024,UYG24Y01L,YOGA,2,BSc,Biomedical Science,,,,,ltpc_shared_or_missing,UG 2024 BSC Biomedical Sciences.pdf
2024,UBM24301J,Immunobiology,3,BSc,Biomedical Science,3,0,2,4,,UG 2024 BSC Biomedical Sciences.pdf
2024,UBM24302T,Human Genetics,3,BSc,Biomedical Science,4,0,0,4,,UG 2024 BSC Biomedical Sciences.pdf
2024,UBM24303J,Bioinstrumentation,3,BSc,Biomedical Science,3,0,2,4,,UG 2024 BSC Biomedical Sciences.pdf
2024,,Elective Course (Minor) - I,3,BSc,Biomedical Science,,,,4,no_code_placeholder,UG 2024 BSC Biomedical Sciences.pdf
2024,,Multidisciplinary Course II,3,BSc,Biomedical Science,,,,3,no_code_placeholder,UG 2024 BSC Biomedical Sciences.pdf
2024,UBM24P01L,Internship - I,3,BSc,Biomedical Science,0,0,0,1,,UG 2024 BSC Biomedical Sciences.pdf
2024,UBM24401T,rDNA Technology,4,BSc,Biomedical Science,4,0,0,4,,UG 2024 BSC Biomedical Sciences.pdf
2024,UBM24D01T,Biostatistics,4,BSc,Biomedical Science,4,0,0,4,,UG 2024 BSC Biomedical Sciences.pdf
2024,,Elective Course (Minor) - II,4,BSc,Biomedical Science,,,,4,no_code_placeholder,UG 2024 BSC Biomedical Sciences.pdf
2024,,Elective Course (Minor) - III,4,BSc,Biomedical Science,,,,4,no_code_placeholder,UG 2024 BSC Biomedical Sciences.pdf
2024,UEN24S01L,Communication Skills,4,BSc,Biomedical Science,0,0,4,2,,UG 2024 BSC Biomedical Sciences.pdf
2024,UCD24S03J,Industry Oriented Employability and Leadership Skills,4,BSc,Biomedical Science,1,0,2,2,,UG 2024 BSC Biomedical Sciences.pdf
2024,UMI24Y01L,My India Project,4,BSc,Biomedical Science,0,0,0,0,,UG 2024 BSC Biomedical Sciences.pdf
2024,UBM24D02T,Nanoscience and Regenerative Medicine,5,BSc,Biomedical Science,4,0,0,4,,UG 2024 BSC Biomedical Sciences.pdf
2024,UBM24D03J,Computational Biology,5,BSc,Biomedical Science,3,0,2,4,ltpc_shared_or_missing,UG 2024 BSC Biomedical Sciences.pdf
2024,UBM24D04J,Protein Chemistry,5,BSc,Biomedical Science,,,,,ltpc_shared_or_missing,UG 2024 BSC Biomedical Sciences.pdf
2024,,Elective Course (Minor)- IV,5,BSc,Biomedical Science,,,,4,no_code_placeholder,UG 2024 BSC Biomedical Sciences.pdf
2024,,Multidisciplinary Course III,5,BSc,Biomedical Science,,,,3,no_code_placeholder,UG 2024 BSC Biomedical Sciences.pdf
2024,UES24V01T,Environmental Studies,5,BSc,Biomedical Science,2,0,0,2,,UG 2024 BSC Biomedical Sciences.pdf
2024,UCD24S04J,Career Readiness and Professional Skills,5,BSc,Biomedical Science,1,0,2,2,,UG 2024 BSC Biomedical Sciences.pdf
2024,UBM24P02L,Internship - II,5,BSc,Biomedical Science,0,0,0,1,,UG 2024 BSC Biomedical Sciences.pdf
2024,UBM24D05T,Cancer Biology,6,BSc,Biomedical Science,4,0,0,4,,UG 2024 BSC Biomedical Sciences.pdf
2024,UBM24D06J,Endocrinology,6,BSc,Biomedical Science,3,0,2,4,,UG 2024 BSC Biomedical Sciences.pdf
2024,,Elective Course (Minor) - V,6,BSc,Biomedical Science,,,,4,no_code_placeholder,UG 2024 BSC Biomedical Sciences.pdf
2024,,Elective Course (Minor) - VI,6,BSc,Biomedical Science,,,,4,no_code_placeholder,UG 2024 BSC Biomedical Sciences.pdf
2024,UBM24P03L,Project Work,6,BSc,Biomedical Science,0,0,4,2,,UG 2024 BSC Biomedical Sciences.pdf
2024,UCD24V02T,Universal Human Values,6,BSc,Biomedical Science,2,0,0,2,,UG 2024 BSC Biomedical Sciences.pdf
2024,UBM24D07J,Human Pathology,7,BSc,Biomedical Science,3,0,2,4,ltpc_shared_or_missing,UG 2024 BSC Biomedical Sciences.pdf
2024,UBM24D08J,Metabolic Disorders,7,BSc,Biomedical Science,,,,,ltpc_shared_or_missing,UG 2024 BSC Biomedical Sciences.pdf
2024,UBM24D09T,Animal Models in Biomedical Research,7,BSc,Biomedical Science,4,0,0,4,ltpc_shared_or_missing,UG 2024 BSC Biomedical Sciences.pdf
2024,UBM24D10T,Biosafety and Bioethics,7,BSc,Biomedical Science,,,,,ltpc_shared_or_missing,UG 2024 BSC Biomedical Sciences.pdf
2024,UBM24D11J,Bioinformatics,7,BSc,Biomedical Science,3,0,2,4,ltpc_shared_or_missing,UG 2024 BSC Biomedical Sciences.pdf
2024,UBM24D12J,Pharmacogenomics,7,BSc,Biomedical Science,,,,,ltpc_shared_or_missing,UG 2024 BSC Biomedical Sciences.pdf
2024,,Elective Course (Minor) - VII,7,BSc,Biomedical Science,,,,4,no_code_placeholder,UG 2024 BSC Biomedical Sciences.pdf
2024,,Elective Course (Minor) - VIII,7,BSc,Biomedical Science,,,,4,no_code_placeholder,UG 2024 BSC Biomedical Sciences.pdf
2024,UBM24D13T,Research Methodology,8,BSc,Biomedical Science,4,0,0,4,,UG 2024 BSC Biomedical Sciences.pdf
2024,UBM24D14J,Drug Development and Delivery,8,BSc,Biomedical Science,3,0,2,4,ltpc_shared_or_missing,UG 2024 BSC Biomedical Sciences.pdf
2024,UBM24D15J,Medical Lab Diagnostics,8,BSc,Biomedical Science,,,,,ltpc_shared_or_missing,UG 2024 BSC Biomedical Sciences.pdf
2024,UBM24P04L,Research Project and Dissertation,8,BSc,Biomedical Science,,,,,ltpc_shared_or_missing,UG 2024 BSC Biomedical Sciences.pdf
2024,,0 0 24,8,BSc,Biomedical Science,,,,12,no_code_placeholder,UG 2024 BSC Biomedical Sciences.pdf
2024,UBM24P05L,Professional Internship,8,BSc,Biomedical Science,,,,,ltpc_shared_or_missing,UG 2024 BSC Biomedical Sciences.pdf
2024,ULT24AE2J,Tamil- II,2,BSc,Film Technology,,,,,ltpc_shared_with_group,UG 2024 BSC Film Technology Syllabus.pdf
2024,ULH24AE2J,Hindi- II,2,BSc,Film Technology,2,0,2,3,,UG 2024 BSC Film Technology Syllabus.pdf
2024,ULF24AE2J,French- II,2,BSc,Film Technology,,,,,ltpc_shared_with_group,UG 2024 BSC Film Technology Syllabus.pdf
2024,UFT24201T,"Art, Culture and Society",2,BSc,Film Technology,4,0,0,4,,UG 2024 BSC Film Technology Syllabus.pdf
2024,UFT24202T,Film Production Management,2,BSc,Film Technology,4,0,0,4,,UG 2024 BSC Film Technology Syllabus.pdf
2024,UFT24203L,Scene Making Practical,2,BSc,Film Technology,0,0,9,4,,UG 2024 BSC Film Technology Syllabus.pdf
2024,UCD24V01T,Essentials of Artificial Intelligence,2,BSc,Film Technology,1,0,0,1,,UG 2024 BSC Film Technology Syllabus.pdf
2024,,Multidisciplinary Course – I,2,BSc,Film Technology,,,,3,no_code_placeholder,UG 2024 BSC Film Technology Syllabus.pdf
2024,UCD24S02L,Quantitative Aptitude and Logical Reasoning,2,BSc,Film Technology,0,0,2,1,,UG 2024 BSC Film Technology Syllabus.pdf
2024,UNS24Y01L,NSS,2,BSc,Film Technology,,,,,ltpc_shared_with_group,UG 2024 BSC Film Technology Syllabus.pdf
2024,UNC24Y01L,NCC,2,BSc,Film Technology,,,,,ltpc_shared_with_group,UG 2024 BSC Film Technology Syllabus.pdf
2024,UNO24Y01L,NSO,2,BSc,Film Technology,0,0,0,0,,UG 2024 BSC Film Technology Syllabus.pdf
2024,UYG24Y01L,YOGA,2,BSc,Film Technology,,,,,ltpc_shared_with_group,UG 2024 BSC Film Technology Syllabus.pdf
2024,ULT24AE1J,Tamil- I,1,BSc,Film Technology,,,,,ltpc_shared_with_group,UG 2024 BSC Film Technology Syllabus.pdf
2024,ULH24AE1J,Hindi- I,1,BSc,Film Technology,2,0,2,3,,UG 2024 BSC Film Technology Syllabus.pdf
2024,ULF24AE1J,French- I,1,BSc,Film Technology,,,,,ltpc_shared_with_group,UG 2024 BSC Film Technology Syllabus.pdf
2024,ULE24AE1J,English,1,BSc,Film Technology,2,0,2,3,,UG 2024 BSC Film Technology Syllabus.pdf
2024,UFT24101T,Introduction to Film Technology,1,BSc,Film Technology,4,0,0,4,,UG 2024 BSC Film Technology Syllabus.pdf
2024,UFT24102T,History of Cinema,1,BSc,Film Technology,4,0,0,4,,UG 2024 BSC Film Technology Syllabus.pdf
2024,UFT24103L,Film Appreciation,1,BSc,Film Technology,0,0,8,4,,UG 2024 BSC Film Technology Syllabus.pdf
2024,UCD24S01J,Verbal Ability and Skill Development,1,BSc,Film Technology,1,0,2,2,,UG 2024 BSC Film Technology Syllabus.pdf
2024,UDF24401T,Acting Theory,4,BSc,Film Technology - Direction,4,0,0,4,,UG 2024 BSC Film Technology Syllabus.pdf
2024,UFT24D01L,Five Shots Exercise,4,BSc,Film Technology - Direction,,,,,ltpc_shared_with_group,UG 2024 BSC Film Technology Syllabus.pdf
2024,UFT24D02L,Actuality Exercise,4,BSc,Film Technology - Direction,,,,,ltpc_shared_with_group,UG 2024 BSC Film Technology Syllabus.pdf
2024,,Minor Elective - II,4,BSc,Film Technology - Direction,,,,4,no_code_placeholder,UG 2024 BSC Film Technology Syllabus.pdf
2024,,Minor Elective - III,4,BSc,Film Technology - Direction,,,,4,no_code_placeholder,UG 2024 BSC Film Technology Syllabus.pdf
2024,UEN24S01L,Communication Skills,4,BSc,Film Technology - Direction,0,0,4,2,,UG 2024 BSC Film Technology Syllabus.pdf
2024,UCD24S03J,Industry Oriented Employability and Leadership Skills,4,BSc,Film Technology - Direction,1,0,2,2,,UG 2024 BSC Film Technology Syllabus.pdf
2024,UMI24Y01L,My India Project,4,BSc,Film Technology - Direction,0,0,0,0,,UG 2024 BSC Film Technology Syllabus.pdf
2024,UDF24301T,Film Direction Techniques,3,BSc,Film Technology - Direction,4,0,0,4,,UG 2024 BSC Film Technology Syllabus.pdf
2024,UFT24302T,Television Production,3,BSc,Film Technology - Direction,4,0,0,4,,UG 2024 BSC Film Technology Syllabus.pdf
2024,UDF24303L,Screenplay Writing,3,BSc,Film Technology - Direction,0,0,8,4,,UG 2024 BSC Film Technology Syllabus.pdf
2024,,Minor Elective - I,3,BSc,Film Technology - Direction,,,,4,no_code_placeholder,UG 2024 BSC Film Technology Syllabus.pdf
2024,UFT24P01L,Internship-I,3,BSc,Film Technology - Direction,0,0,0,1,,UG 2024 BSC Film Technology Syllabus.pdf
2024,,Multidisciplinary Course – II,3,BSc,Film Technology - Direction,,,,3,no_code_placeholder,UG 2024 BSC Film Technology Syllabus.pdf
2024,UDF24D03T,Story Pitching,5,BSc,Film Technology - Direction,4,0,0,4,,UG 2024 BSC Film Technology Syllabus.pdf
2024,UDF24D04T,UFT24D05L Film Studies Video Song Making,5,BSc,Film Technology - Direction,,,,,ltpc_shared_with_group,UG 2024 BSC Film Technology Syllabus.pdf
2024,UFT24D06L,Silent Filmmaking,5,BSc,Film Technology - Direction,,,,,ltpc_shared_with_group,UG 2024 BSC Film Technology Syllabus.pdf
2024,,Minor Elective - IV,5,BSc,Film Technology - Direction,,,,4,no_code_placeholder,UG 2024 BSC Film Technology Syllabus.pdf
2024,,Multidisciplinary Course – III,5,BSc,Film Technology - Direction,,,,3,no_code_placeholder,UG 2024 BSC Film Technology Syllabus.pdf
2024,UES24V01T,Environmental Studies,5,BSc,Film Technology - Direction,2,0,0,2,,UG 2024 BSC Film Technology Syllabus.pdf
2024,UCD24S04J,Career Readiness and Professional Skills,5,BSc,Film Technology - Direction,1,0,2,2,,UG 2024 BSC Film Technology Syllabus.pdf
2024,UFT24P02L,Internship-II,5,BSc,Film Technology - Direction,0,0,0,1,,UG 2024 BSC Film Technology Syllabus.pdf
2024,UDF24D07T,Film Aesthetics L T P,6,BSc,Film Technology - Direction,,,,,ltpc_shared_with_group,UG 2024 BSC Film Technology Syllabus.pdf
2024,UDF24D08T,Visual Storytelling Techniques,6,BSc,Film Technology - Direction,4,0,0,4,,UG 2024 BSC Film Technology Syllabus.pdf
2024,UFT24D09T,Digital Filmmaking,6,BSc,Film Technology - Direction,,,,,ltpc_shared_with_group,UG 2024 BSC Film Technology Syllabus.pdf
2024,UFT24D10T,Documentary Filmmaking,6,BSc,Film Technology - Direction,,,,,ltpc_shared_with_group,UG 2024 BSC Film Technology Syllabus.pdf
2024,,Minor Elective - V,6,BSc,Film Technology - Direction,,,,4,no_code_placeholder,UG 2024 BSC Film Technology Syllabus.pdf
2024,,Minor Elective - VI,6,BSc,Film Technology - Direction,,,,4,no_code_placeholder,UG 2024 BSC Film Technology Syllabus.pdf
2024,UFT24P03L,Project Work - Short Filmmaking,6,BSc,Film Technology - Direction,0,0,4,2,,UG 2024 BSC Film Technology Syllabus.pdf
2024,UCD24V02T,Universal Human Values,6,BSc,Film Technology - Direction,2,0,0,2,,UG 2024 BSC Film Technology Syllabus.pdf
2024,UFT24D11T,Research Methodology for Film,7,BSc,Film Technology - Direction,,,,,ltpc_shared_with_group,UG 2024 BSC Film Technology Syllabus.pdf
2024,,Technology,7,BSc,Film Technology - Direction,4,0,0,4,no_code_placeholder,UG 2024 BSC Film Technology Syllabus.pdf
2024,UFT24D12T,Digital Media Production,7,BSc,Film Technology - Direction,,,,,ltpc_shared_with_group,UG 2024 BSC Film Technology Syllabus.pdf
2024,UDF24D13T,Study of Master Directors,7,BSc,Film Technology - Direction,4,0,0,4,,UG 2024 BSC Film Technology Syllabus.pdf
2024,UDF24D14T,UFT24D15L Study of Popular Indian Films Ad Filmmaking,7,BSc,Film Technology - Direction,,,,,ltpc_shared_with_group,UG 2024 BSC Film Technology Syllabus.pdf
2024,UDF24D16L,Literary Source Scripting,7,BSc,Film Technology - Direction,0,0,8,4,,UG 2024 BSC Film Technology Syllabus.pdf
2024,,Minor Elective - VII,7,BSc,Film Technology - Direction,,,,4,no_code_placeholder,UG 2024 BSC Film Technology Syllabus.pdf
2024,,Minor Elective - VIII,7,BSc,Film Technology - Direction,,,,4,no_code_placeholder,UG 2024 BSC Film Technology Syllabus.pdf
2024,UFT24D17T,Film Marketing and,8,BSc,Film Technology - Direction,,,,,ltpc_shared_with_group,UG 2024 BSC Film Technology Syllabus.pdf
2024,,Distribution,8,BSc,Film Technology - Direction,4,0,0,4,no_code_placeholder,UG 2024 BSC Film Technology Syllabus.pdf
2024,UFT24D18T,Tele Filmmaking,8,BSc,Film Technology - Direction,,,,,ltpc_shared_with_group,UG 2024 BSC Film Technology Syllabus.pdf
2024,UFT24D19L,Documentary Filmmaking,8,BSc,Film Technology - Direction,0,0,8,4,,UG 2024 BSC Film Technology Syllabus.pdf
2024,UFT24D20L,Short Filmmaking Research Project and,8,BSc,Film Technology - Direction,,,,,ltpc_shared_with_group,UG 2024 BSC Film Technology Syllabus.pdf
2024,UFT24P04L,Dissertation,8,BSc,Film Technology - Direction,0,0,24,12,,UG 2024 BSC Film Technology Syllabus.pdf
2024,UFT24P05L,Professional Internship,8,BSc,Film Technology - Direction,,,,,ltpc_shared_with_group,UG 2024 BSC Film Technology Syllabus.pdf
2024,UFC24301T,Cinematographic Lens and Images,3,BSc,Film Technology - Cinematography,4,0,0,4,,UG 2024 BSC Film Technology Syllabus.pdf
2024,UFT24302T,Television Production,3,BSc,Film Technology - Cinematography,4,0,0,4,,UG 2024 BSC Film Technology Syllabus.pdf
2024,UFC24303L,Lighting Techniques for Film,3,BSc,Film Technology - Cinematography,0,0,8,4,,UG 2024 BSC Film Technology Syllabus.pdf
2024,,Minor Elective - I,3,BSc,Film Technology - Cinematography,,,,4,no_code_placeholder,UG 2024 BSC Film Technology Syllabus.pdf
2024,UFT24P01L,Internship-I,3,BSc,Film Technology - Cinematography,0,0,0,1,,UG 2024 BSC Film Technology Syllabus.pdf
2024,,Multidisciplinary Course – II,3,BSc,Film Technology - Cinematography,,,,3,no_code_placeholder,UG 2024 BSC Film Technology Syllabus.pdf
2024,UFC24D03T,Motion Picture Camera and Lenses,5,BSc,Film Technology - Cinematography,,,,,ltpc_shared_with_group,UG 2024 BSC Film Technology Syllabus.pdf
2024,UFC24D04T,Cameras for Motion Picture,5,BSc,Film Technology - Cinematography,,,,,ltpc_shared_with_group,UG 2024 BSC Film Technology Syllabus.pdf
2024,UFT24D05L,Video Song Making,5,BSc,Film Technology - Cinematography,0,0,8,4,,UG 2024 BSC Film Technology Syllabus.pdf
2024,UFT24D06L,Silent Filmmaking,5,BSc,Film Technology - Cinematography,,,,,ltpc_shared_with_group,UG 2024 BSC Film Technology Syllabus.pdf
2024,,Minor Elective - IV,5,BSc,Film Technology - Cinematography,,,,4,no_code_placeholder,UG 2024 BSC Film Technology Syllabus.pdf
2024,,Multidisciplinary Course – III,5,BSc,Film Technology - Cinematography,,,,3,no_code_placeholder,UG 2024 BSC Film Technology Syllabus.pdf
2024,UES24V01T,Environmental Studies,5,BSc,Film Technology - Cinematography,2,0,0,2,,UG 2024 BSC Film Technology Syllabus.pdf
2024,UCD24S04J,Career Readiness and Professional Skills,5,BSc,Film Technology - Cinematography,1,0,2,2,,UG 2024 BSC Film Technology Syllabus.pdf
2024,UFT24P02L,Internship-II,5,BSc,Film Technology - Cinematography,0,0,0,1,,UG 2024 BSC Film Technology Syllabus.pdf
2024,,Research Methodology for Film,7,BSc,Film Technology - Cinematography,,,,,no_code_placeholder,UG 2024 BSC Film Technology Syllabus.pdf
2024,UFT24D11T,Technology,7,BSc,Film Technology - Cinematography,4,0,0,4,,UG 2024 BSC Film Technology Syllabus.pdf
2024,UFT24D12T,Digital Media Production,7,BSc,Film Technology - Cinematography,,,,,ltpc_shared_with_group,UG 2024 BSC Film Technology Syllabus.pdf
2024,,Color Theory and Cinematic,7,BSc,Film Technology - Cinematography,,,,,no_code_placeholder,UG 2024 BSC Film Technology Syllabus.pdf
2024,UFC24D13T,Aesthetics,7,BSc,Film Technology - Cinematography,4,0,0,4,,UG 2024 BSC Film Technology Syllabus.pdf
2024,UFC24D14T,Digital Cinematography,7,BSc,Film Technology - Cinematography,,,,,ltpc_shared_with_group,UG 2024 BSC Film Technology Syllabus.pdf
2024,UFT24D15L,Ad Filmmaking,7,BSc,Film Technology - Cinematography,,,,,ltpc_shared_with_group,UG 2024 BSC Film Technology Syllabus.pdf
2024,UFC24D16L,Digital Intermediate (DI) Techniques,7,BSc,Film Technology - Cinematography,,,,,ltpc_shared_with_group,UG 2024 BSC Film Technology Syllabus.pdf
2024,,Minor Elective - VII,7,BSc,Film Technology - Cinematography,,,,4,no_code_placeholder,UG 2024 BSC Film Technology Syllabus.pdf
2024,,Minor Elective - VIII,7,BSc,Film Technology - Cinematography,,,,4,no_code_placeholder,UG 2024 BSC Film Technology Syllabus.pdf
2024,UFT24D17T,Film Marketing and Distribution,8,BSc,Film Technology - Cinematography,4,0,0,4,,UG 2024 BSC Film Technology Syllabus.pdf
2024,UFT24D18T,Tele Filmmaking,8,BSc,Film Technology - Cinematography,,,,,ltpc_shared_with_group,UG 2024 BSC Film Technology Syllabus.pdf
2024,UFT24D19L,Documentary Filmmaking,8,BSc,Film Technology - Cinematography,,,,,ltpc_shared_with_group,UG 2024 BSC Film Technology Syllabus.pdf
2024,UFT24D20L,Short Filmmaking,8,BSc,Film Technology - Cinematography,0,0,8,4,,UG 2024 BSC Film Technology Syllabus.pdf
2024,UFT24P04L,Research Project and Dissertation,8,BSc,Film Technology - Cinematography,,,,,ltpc_shared_with_group,UG 2024 BSC Film Technology Syllabus.pdf
2024,UFT24P05L,Professional Internship,8,BSc,Film Technology - Cinematography,0,0,24,12,,UG 2024 BSC Film Technology Syllabus.pdf
2024,,L T,4,BSc,Film Technology - Cinematography,,,,,malformed_table_verify_manually,UG 2024 BSC Film Technology Syllabus.pdf
2024,UFC24401T,Techniques of Cinematography,4,BSc,Film Technology - Cinematography,,,,,malformed_table_verify_manually,UG 2024 BSC Film Technology Syllabus.pdf
2024,UFT24D01L,Five Shots Exercise,4,BSc,Film Technology - Cinematography,,,,,malformed_table_verify_manually,UG 2024 BSC Film Technology Syllabus.pdf
2024,UFT24D02L,Actuality Exercise,4,BSc,Film Technology - Cinematography,,,,,malformed_table_verify_manually,UG 2024 BSC Film Technology Syllabus.pdf
2024,,Minor Elective - II,4,BSc,Film Technology - Cinematography,,,,,malformed_table_verify_manually,UG 2024 BSC Film Technology Syllabus.pdf
2024,,Minor Elective - III,4,BSc,Film Technology - Cinematography,,,,,malformed_table_verify_manually,UG 2024 BSC Film Technology Syllabus.pdf
2024,UEN24S01L,Communication Skills,4,BSc,Film Technology - Cinematography,,,,,malformed_table_verify_manually,UG 2024 BSC Film Technology Syllabus.pdf
2024,,Industry Oriented Employability and,4,BSc,Film Technology - Cinematography,,,,,malformed_table_verify_manually,UG 2024 BSC Film Technology Syllabus.pdf
2024,UCD24S03J,Leadership Skills,4,BSc,Film Technology - Cinematography,,,,,malformed_table_verify_manually,UG 2024 BSC Film Technology Syllabus.pdf
2024,UMI24Y01L,My India Project,4,BSc,Film Technology - Cinematography,,,,,malformed_table_verify_manually,UG 2024 BSC Film Technology Syllabus.pdf
2024,,L,6,BSc,Film Technology - Cinematography,,,,,malformed_table_verify_manually,UG 2024 BSC Film Technology Syllabus.pdf
2024,UFC24D07T,Aesthetics of Cinematography,6,BSc,Film Technology - Cinematography,,,,,malformed_table_verify_manually,UG 2024 BSC Film Technology Syllabus.pdf
2024,UFC24D08T,Visual Language and Composition,6,BSc,Film Technology - Cinematography,,,,,malformed_table_verify_manually,UG 2024 BSC Film Technology Syllabus.pdf
2024,UFT24D09T,Digital Filmmaking,6,BSc,Film Technology - Cinematography,,,,,malformed_table_verify_manually,UG 2024 BSC Film Technology Syllabus.pdf
2024,UFT24D10T,Documentary Filmmaking,6,BSc,Film Technology - Cinematography,,,,,malformed_table_verify_manually,UG 2024 BSC Film Technology Syllabus.pdf
2024,,Minor Elective - V,6,BSc,Film Technology - Cinematography,,,,,malformed_table_verify_manually,UG 2024 BSC Film Technology Syllabus.pdf
2024,,Minor Elective - VI,6,BSc,Film Technology - Cinematography,,,,,malformed_table_verify_manually,UG 2024 BSC Film Technology Syllabus.pdf
2024,UFT24P03L,Project Work - Short Filmmaking,6,BSc,Film Technology - Cinematography,,,,,malformed_table_verify_manually,UG 2024 BSC Film Technology Syllabus.pdf
2024,UCD24V02T,Universal Human Values,6,BSc,Film Technology - Cinematography,,,,,malformed_table_verify_manually,UG 2024 BSC Film Technology Syllabus.pdf
2024,UFE24301T,Elements of Film and Video Editing,3,BSc,Film Technology - Editing,4,0,0,4,,UG 2024 BSC Film Technology Syllabus.pdf
2024,UFT24302T,Television Production,3,BSc,Film Technology - Editing,4,0,0,4,,UG 2024 BSC Film Technology Syllabus.pdf
2024,UFE24303L,Editing Specialization Exercise - I,3,BSc,Film Technology - Editing,0,0,8,4,,UG 2024 BSC Film Technology Syllabus.pdf
2024,,Minor Elective - I,3,BSc,Film Technology - Editing,,,,4,no_code_placeholder,UG 2024 BSC Film Technology Syllabus.pdf
2024,UFT24P01L,Internship-I,3,BSc,Film Technology - Editing,0,0,0,1,,UG 2024 BSC Film Technology Syllabus.pdf
2024,,Multidisciplinary Course – II,3,BSc,Film Technology - Editing,,,,3,no_code_placeholder,UG 2024 BSC Film Technology Syllabus.pdf
2024,UFE24D03T,Techniques of Film and Video Editing,5,BSc,Film Technology - Editing,,,,,ltpc_shared_with_group,UG 2024 BSC Film Technology Syllabus.pdf
2024,UFE24D04T,Language of Film Editing,5,BSc,Film Technology - Editing,,,,,ltpc_shared_with_group,UG 2024 BSC Film Technology Syllabus.pdf
2024,UFT24D05L,Video Song Making,5,BSc,Film Technology - Editing,0,0,8,4,,UG 2024 BSC Film Technology Syllabus.pdf
2024,UFT24D06L,Silent Filmmaking,5,BSc,Film Technology - Editing,,,,,ltpc_shared_with_group,UG 2024 BSC Film Technology Syllabus.pdf
2024,,Minor Elective - IV,5,BSc,Film Technology - Editing,,,,4,no_code_placeholder,UG 2024 BSC Film Technology Syllabus.pdf
2024,,Multidisciplinary Course – III,5,BSc,Film Technology - Editing,,,,3,no_code_placeholder,UG 2024 BSC Film Technology Syllabus.pdf
2024,UES24V01T,Environmental Studies,5,BSc,Film Technology - Editing,2,0,0,2,,UG 2024 BSC Film Technology Syllabus.pdf
2024,UCD24S04J,Career Readiness and Professional,5,BSc,Film Technology - Editing,1,0,2,2,,UG 2024 BSC Film Technology Syllabus.pdf
2024,,Skills,5,BSc,Film Technology - Editing,,,,,no_code_placeholder,UG 2024 BSC Film Technology Syllabus.pdf
2024,UFT24P02L,Internship-II,5,BSc,Film Technology - Editing,0,0,0,1,,UG 2024 BSC Film Technology Syllabus.pdf
2024,UFT24D11T,Research Methodology for Film,7,BSc,Film Technology - Editing,,,,,ltpc_shared_with_group,UG 2024 BSC Film Technology Syllabus.pdf
2024,,Technology,7,BSc,Film Technology - Editing,4,0,0,4,no_code_placeholder,UG 2024 BSC Film Technology Syllabus.pdf
2024,UFT24D12T,Digital Media Production,7,BSc,Film Technology - Editing,,,,,ltpc_shared_with_group,UG 2024 BSC Film Technology Syllabus.pdf
2024,UFE24D13T,Advanced Editing Techniques,7,BSc,Film Technology - Editing,,,,,ltpc_shared_with_group,UG 2024 BSC Film Technology Syllabus.pdf
2024,UFE24D14T,AI in Editing,7,BSc,Film Technology - Editing,4,0,0,4,,UG 2024 BSC Film Technology Syllabus.pdf
2024,UFT24D15L,Ad Filmmaking,7,BSc,Film Technology - Editing,,,,,ltpc_shared_with_group,UG 2024 BSC Film Technology Syllabus.pdf
2024,UFE24D16L,Advanced Editing Exercise,7,BSc,Film Technology - Editing,0,0,8,4,,UG 2024 BSC Film Technology Syllabus.pdf
2024,,Minor Elective - VII,7,BSc,Film Technology - Editing,,,,4,no_code_placeholder,UG 2024 BSC Film Technology Syllabus.pdf
2024,,Minor Elective - VIII,7,BSc,Film Technology - Editing,,,,4,no_code_placeholder,UG 2024 BSC Film Technology Syllabus.pdf
2024,UFT24D17T,Film Marketing and Distribution,8,BSc,Film Technology - Editing,4,0,0,4,,UG 2024 BSC Film Technology Syllabus.pdf
2024,UFT24D18T,Tele Filmmaking,8,BSc,Film Technology - Editing,,,,,ltpc_shared_with_group,UG 2024 BSC Film Technology Syllabus.pdf
2024,UFT24D19L,Documentary Filmmaking,8,BSc,Film Technology - Editing,0,0,8,4,,UG 2024 BSC Film Technology Syllabus.pdf
2024,UFT24D20L,Short Filmmaking,8,BSc,Film Technology - Editing,,,,,ltpc_shared_with_group,UG 2024 BSC Film Technology Syllabus.pdf
2024,UFT24P04L,Research Project and Dissertation,8,BSc,Film Technology - Editing,,,,,ltpc_shared_with_group,UG 2024 BSC Film Technology Syllabus.pdf
2024,UFT24P05L,Professional Internship,8,BSc,Film Technology - Editing,,,,,ltpc_shared_with_group,UG 2024 BSC Film Technology Syllabus.pdf
2024,,L T,4,BSc,Film Technology - Editing,,,,,malformed_table_verify_manually,UG 2024 BSC Film Technology Syllabus.pdf
2024,UFE24401T,Principles of Film and Video Editing,4,BSc,Film Technology - Editing,,,,,malformed_table_verify_manually,UG 2024 BSC Film Technology Syllabus.pdf
2024,UFT24D01L,Five Shots Exercise,4,BSc,Film Technology - Editing,,,,,malformed_table_verify_manually,UG 2024 BSC Film Technology Syllabus.pdf
2024,UFT24D02L,Actuality Exercise,4,BSc,Film Technology - Editing,,,,,malformed_table_verify_manually,UG 2024 BSC Film Technology Syllabus.pdf
2024,,Minor Elective - II,4,BSc,Film Technology - Editing,,,,,malformed_table_verify_manually,UG 2024 BSC Film Technology Syllabus.pdf
2024,,Minor Elective - III,4,BSc,Film Technology - Editing,,,,,malformed_table_verify_manually,UG 2024 BSC Film Technology Syllabus.pdf
2024,UEN24S01L,Communication Skills,4,BSc,Film Technology - Editing,,,,,malformed_table_verify_manually,UG 2024 BSC Film Technology Syllabus.pdf
2024,UCD24S03J,Industry Oriented Employability and,4,BSc,Film Technology - Editing,,,,,malformed_table_verify_manually,UG 2024 BSC Film Technology Syllabus.pdf
2024,,Leadership Skills,4,BSc,Film Technology - Editing,,,,,malformed_table_verify_manually,UG 2024 BSC Film Technology Syllabus.pdf
2024,UMI24Y01L,My India Project,4,BSc,Film Technology - Editing,,,,,malformed_table_verify_manually,UG 2024 BSC Film Technology Syllabus.pdf
2024,,C,6,BSc,Film Technology - Editing,,,,,malformed_table_verify_manually,UG 2024 BSC Film Technology Syllabus.pdf
2024,,L T,6,BSc,Film Technology - Editing,,,,,malformed_table_verify_manually,UG 2024 BSC Film Technology Syllabus.pdf
2024,UFE24D07T,Editing Techniques in Fiction,6,BSc,Film Technology - Editing,,,,,malformed_table_verify_manually,UG 2024 BSC Film Technology Syllabus.pdf
2024,UFE24D08T,Editing Techniques in Non-Fiction,6,BSc,Film Technology - Editing,,,,,malformed_table_verify_manually,UG 2024 BSC Film Technology Syllabus.pdf
2024,UFT24D09T,Digital Filmmaking,6,BSc,Film Technology - Editing,,,,,malformed_table_verify_manually,UG 2024 BSC Film Technology Syllabus.pdf
2024,UFT24D10T,Documentary Filmmaking,6,BSc,Film Technology - Editing,,,,,malformed_table_verify_manually,UG 2024 BSC Film Technology Syllabus.pdf
2024,,Minor Elective - V,6,BSc,Film Technology - Editing,,,,,malformed_table_verify_manually,UG 2024 BSC Film Technology Syllabus.pdf
2024,,Minor Elective - VI,6,BSc,Film Technology - Editing,,,,,malformed_table_verify_manually,UG 2024 BSC Film Technology Syllabus.pdf
2024,UFT24P03L,Project Work - Short Filmmaking,6,BSc,Film Technology - Editing,,,,,malformed_table_verify_manually,UG 2024 BSC Film Technology Syllabus.pdf
2024,UCD24V02T,Universal Human Values,6,BSc,Film Technology - Editing,,,,,malformed_table_verify_manually,UG 2024 BSC Film Technology Syllabus.pdf
2024,UFS24401T,Fundamentals of Sound Design,4,BSc,Film Technology - Sound,4,0,0,4,,UG 2024 BSC Film Technology Syllabus.pdf
2024,UFT24D01L,Five Shots Exercise,4,BSc,Film Technology - Sound,,,,,ltpc_shared_with_group,UG 2024 BSC Film Technology Syllabus.pdf
2024,UFT24D02L,Actuality Exercise,4,BSc,Film Technology - Sound,0,0,8,4,,UG 2024 BSC Film Technology Syllabus.pdf
2024,,Minor Elective - II,4,BSc,Film Technology - Sound,,,,4,no_code_placeholder,UG 2024 BSC Film Technology Syllabus.pdf
2024,,Minor Elective - III,4,BSc,Film Technology - Sound,,,,4,no_code_placeholder,UG 2024 BSC Film Technology Syllabus.pdf
2024,UEN24S01L,Communication Skills,4,BSc,Film Technology - Sound,0,0,4,2,,UG 2024 BSC Film Technology Syllabus.pdf
2024,UCD24S03J,Industry Oriented Employability and Leadership Skills,4,BSc,Film Technology - Sound,1,0,2,2,,UG 2024 BSC Film Technology Syllabus.pdf
2024,UMI24Y01L,My India Project,4,BSc,Film Technology - Sound,0,0,0,0,,UG 2024 BSC Film Technology Syllabus.pdf
2024,UFS24301T,History of Film Sound,3,BSc,Film Technology - Sound,4,0,0,4,,UG 2024 BSC Film Technology Syllabus.pdf
2024,UFT24302T,Television Production,3,BSc,Film Technology - Sound,4,0,0,4,,UG 2024 BSC Film Technology Syllabus.pdf
2024,UFS24303L,Cartoon Dubbing,3,BSc,Film Technology - Sound,0,0,8,4,,UG 2024 BSC Film Technology Syllabus.pdf
2024,,Minor Elective - I,3,BSc,Film Technology - Sound,,,,4,no_code_placeholder,UG 2024 BSC Film Technology Syllabus.pdf
2024,UFT24P01L,Internship-I,3,BSc,Film Technology - Sound,0,0,0,1,,UG 2024 BSC Film Technology Syllabus.pdf
2024,,Multidisciplinary Course – II,3,BSc,Film Technology - Sound,,,,3,no_code_placeholder,UG 2024 BSC Film Technology Syllabus.pdf
2024,UFS24D07T,Acoustics and Psychoacoustics,6,BSc,Film Technology - Sound,,,,,ltpc_shared_with_group,UG 2024 BSC Film Technology Syllabus.pdf
2024,,Interactive and Immersive Sound,6,BSc,Film Technology - Sound,4,0,0,4,no_code_placeholder,UG 2024 BSC Film Technology Syllabus.pdf
2024,UFS24D08T,Technologies,6,BSc,Film Technology - Sound,,,,,ltpc_shared_with_group,UG 2024 BSC Film Technology Syllabus.pdf
2024,UFT24D09T,Digital Filmmaking,6,BSc,Film Technology - Sound,,,,,ltpc_shared_with_group,UG 2024 BSC Film Technology Syllabus.pdf
2024,UFT24D10T,Documentary Filmmaking,6,BSc,Film Technology - Sound,4,0,0,4,,UG 2024 BSC Film Technology Syllabus.pdf
2024,,Minor Elective - V,6,BSc,Film Technology - Sound,,,,4,no_code_placeholder,UG 2024 BSC Film Technology Syllabus.pdf
2024,,Minor Elective - VI,6,BSc,Film Technology - Sound,,,,4,no_code_placeholder,UG 2024 BSC Film Technology Syllabus.pdf
2024,UFT24P03L,Project Work - Short Filmmaking,6,BSc,Film Technology - Sound,0,0,4,2,,UG 2024 BSC Film Technology Syllabus.pdf
2024,UCD24V02,Universal Human Values,6,BSc,Film Technology - Sound,2,0,0,2,,UG 2024 BSC Film Technology Syllabus.pdf
2024,UFS24D03T,Sound Editing and Mixing,5,BSc,Film Technology - Sound,,,,,ltpc_shared_with_group,UG 2024 BSC Film Technology Syllabus.pdf
2024,UFS24D04T,Sound Design for Different Genres,5,BSc,Film Technology - Sound,,,,,ltpc_shared_with_group,UG 2024 BSC Film Technology Syllabus.pdf
2024,UFT24D05L,Video Song Making,5,BSc,Film Technology - Sound,0,0,8,4,,UG 2024 BSC Film Technology Syllabus.pdf
2024,UFT24D06L,Silent Filmmaking,5,BSc,Film Technology - Sound,,,,,ltpc_shared_with_group,UG 2024 BSC Film Technology Syllabus.pdf
2024,,Minor Elective – IV,5,BSc,Film Technology - Sound,,,,4,no_code_placeholder,UG 2024 BSC Film Technology Syllabus.pdf
2024,,Multidisciplinary Course – III,5,BSc,Film Technology - Sound,,,,3,no_code_placeholder,UG 2024 BSC Film Technology Syllabus.pdf
2024,UES24V01T,Environmental Studies,5,BSc,Film Technology - Sound,2,0,0,2,,UG 2024 BSC Film Technology Syllabus.pdf
2024,UCD24S04J,Career Readiness and Professional Skills,5,BSc,Film Technology - Sound,1,0,2,2,,UG 2024 BSC Film Technology Syllabus.pdf
2024,UFT24P02L,Internship-II,5,BSc,Film Technology - Sound,0,0,0,1,,UG 2024 BSC Film Technology Syllabus.pdf
2024,UFT24D11T,Research Methodology for Film Technology,7,BSc,Film Technology - Sound,,,,,ltpc_shared_with_group,UG 2024 BSC Film Technology Syllabus.pdf
2024,UFT24D12T,UFS24D13T Digital Media Production Background Score in Film,7,BSc,Film Technology - Sound,,,,,ltpc_shared_with_group,UG 2024 BSC Film Technology Syllabus.pdf
2024,UFS24D14T,UFT24D15L Sound Designing and Aesthetics Ad Filmmaking,7,BSc,Film Technology - Sound,4,0,0,4,,UG 2024 BSC Film Technology Syllabus.pdf
2024,UFS24D16L,Sound Mixing Techniques,7,BSc,Film Technology - Sound,0,0,8,4,,UG 2024 BSC Film Technology Syllabus.pdf
2024,,Minor Elective - VII,7,BSc,Film Technology - Sound,,,,4,no_code_placeholder,UG 2024 BSC Film Technology Syllabus.pdf
2024,,Minor Elective - VIII,7,BSc,Film Technology - Sound,,,,4,no_code_placeholder,UG 2024 BSC Film Technology Syllabus.pdf
2024,UFT24D17T,Film Marketing and Distribution,8,BSc,Film Technology - Sound,4,0,0,4,,UG 2024 BSC Film Technology Syllabus.pdf
2024,UFT24D18T,UFT24D19L Tele Filmmaking Documentary Filmmaking,8,BSc,Film Technology - Sound,0,0,8,4,,UG 2024 BSC Film Technology Syllabus.pdf
2024,UFT24D20L,UFT24P04L Short Filmmaking Research Project and Dissertation,8,BSc,Film Technology - Sound,,,,,ltpc_shared_with_group,UG 2024 BSC Film Technology Syllabus.pdf
2024,UFT24P05L,Professional Internship,8,BSc,Film Technology - Sound,0,0,24,12,,UG 2024 BSC Film Technology Syllabus.pdf
2024,UFG24301T,Techniques of Graphics and Animation,3,BSc,Film Technology - Graphics And Animation,4,0,0,4,,UG 2024 BSC Film Technology Syllabus.pdf
2024,UFT24302T,Television Production,3,BSc,Film Technology - Graphics And Animation,4,0,0,4,,UG 2024 BSC Film Technology Syllabus.pdf
2024,UFG24303L,2D Animation,3,BSc,Film Technology - Graphics And Animation,0,0,8,4,,UG 2024 BSC Film Technology Syllabus.pdf
2024,,Minor Elective - I,3,BSc,Film Technology - Graphics And Animation,,,,4,no_code_placeholder,UG 2024 BSC Film Technology Syllabus.pdf
2024,UFT24P01L,Internship-I,3,BSc,Film Technology - Graphics And Animation,0,0,0,1,,UG 2024 BSC Film Technology Syllabus.pdf
2024,,Multidisciplinary Course – II,3,BSc,Film Technology - Graphics And Animation,,,,3,no_code_placeholder,UG 2024 BSC Film Technology Syllabus.pdf
2024,UFG24D03T,Animation Ethics,5,BSc,Film Technology - Graphics And Animation,,,,,ltpc_shared_with_group,UG 2024 BSC Film Technology Syllabus.pdf
2024,UFG24D04T,Animation Sound Design,5,BSc,Film Technology - Graphics And Animation,,,,,ltpc_shared_with_group,UG 2024 BSC Film Technology Syllabus.pdf
2024,UFT24D05L,Video Song Making,5,BSc,Film Technology - Graphics And Animation,0,0,8,4,,UG 2024 BSC Film Technology Syllabus.pdf
2024,UFG24D06L,VFX Animation Pipeline,5,BSc,Film Technology - Graphics And Animation,,,,,ltpc_shared_with_group,UG 2024 BSC Film Technology Syllabus.pdf
2024,,Minor Elective - IV,5,BSc,Film Technology - Graphics And Animation,,,,4,no_code_placeholder,UG 2024 BSC Film Technology Syllabus.pdf
2024,,Multidisciplinary Course – III,5,BSc,Film Technology - Graphics And Animation,,,,3,no_code_placeholder,UG 2024 BSC Film Technology Syllabus.pdf
2024,UES24V01T,Environmental Studies,5,BSc,Film Technology - Graphics And Animation,2,0,0,2,,UG 2024 BSC Film Technology Syllabus.pdf
2024,UCD24S04J,Career Readiness and Professional,5,BSc,Film Technology - Graphics And Animation,1,0,2,2,,UG 2024 BSC Film Technology Syllabus.pdf
2024,,Skills,5,BSc,Film Technology - Graphics And Animation,,,,,no_code_placeholder,UG 2024 BSC Film Technology Syllabus.pdf
2024,UFT24P02L,Internship-II,5,BSc,Film Technology - Graphics And Animation,0,0,0,1,,UG 2024 BSC Film Technology Syllabus.pdf
2024,UFT24D11T,Research Methodology for Film,7,BSc,Film Technology - Graphics And Animation,,,,,ltpc_shared_with_group,UG 2024 BSC Film Technology Syllabus.pdf
2024,,Technology,7,BSc,Film Technology - Graphics And Animation,4,0,0,4,no_code_placeholder,UG 2024 BSC Film Technology Syllabus.pdf
2024,UFT24D12T,UFG24D13T Digital Media Production Generative AI in Visual Effects,7,BSc,Film Technology - Graphics And Animation,,,,,ltpc_shared_with_group,UG 2024 BSC Film Technology Syllabus.pdf
2024,UFG24D14T,UFT24D15L Advanced Visual Effects Ad Filmmaking,7,BSc,Film Technology - Graphics And Animation,4,0,0,4,,UG 2024 BSC Film Technology Syllabus.pdf
2024,UFG24D16L,Motion Capture and Stereoscopic 3D,7,BSc,Film Technology - Graphics And Animation,0,0,8,4,,UG 2024 BSC Film Technology Syllabus.pdf
2024,,Minor Elective - VII,7,BSc,Film Technology - Graphics And Animation,,,,4,no_code_placeholder,UG 2024 BSC Film Technology Syllabus.pdf
2024,,Minor Elective - VIII,7,BSc,Film Technology - Graphics And Animation,,,,4,no_code_placeholder,UG 2024 BSC Film Technology Syllabus.pdf
2024,UFT24D17T,Film Marketing and Distribution,8,BSc,Film Technology - Graphics And Animation,4,0,0,4,,UG 2024 BSC Film Technology Syllabus.pdf
2024,UFT24D18T,UFG24D19L Tele Filmmaking Animation Filmmaking,8,BSc,Film Technology - Graphics And Animation,0,0,8,4,,UG 2024 BSC Film Technology Syllabus.pdf
2024,UFT24D20L,UFT24P04L Short Filmmaking Research Project and Dissertation,8,BSc,Film Technology - Graphics And Animation,,,,,ltpc_shared_with_group,UG 2024 BSC Film Technology Syllabus.pdf
2024,UFT24P05L,Professional Internship,8,BSc,Film Technology - Graphics And Animation,0,0,24,12,,UG 2024 BSC Film Technology Syllabus.pdf
2024,,C,4,BSc,Film Technology - Graphics And Animation,,,,,malformed_table_verify_manually,UG 2024 BSC Film Technology Syllabus.pdf
2024,,L T,4,BSc,Film Technology - Graphics And Animation,,,,,malformed_table_verify_manually,UG 2024 BSC Film Technology Syllabus.pdf
2024,UFG24401T,Animation Production Management,4,BSc,Film Technology - Graphics And Animation,,,,,malformed_table_verify_manually,UG 2024 BSC Film Technology Syllabus.pdf
2024,UFG24D01L,3D Animation,4,BSc,Film Technology - Graphics And Animation,,,,,malformed_table_verify_manually,UG 2024 BSC Film Technology Syllabus.pdf
2024,UFT24D02L,Actuality Exercise,4,BSc,Film Technology - Graphics And Animation,,,,,malformed_table_verify_manually,UG 2024 BSC Film Technology Syllabus.pdf
2024,,Minor Elective - III,4,BSc,Film Technology - Graphics And Animation,,,,,malformed_table_verify_manually,UG 2024 BSC Film Technology Syllabus.pdf
2024,UEN24S01L,Communication Skills,4,BSc,Film Technology - Graphics And Animation,,,,,malformed_table_verify_manually,UG 2024 BSC Film Technology Syllabus.pdf
2024,,Industry Oriented Employability and,4,BSc,Film Technology - Graphics And Animation,,,,,malformed_table_verify_manually,UG 2024 BSC Film Technology Syllabus.pdf
2024,UCD24S03J,Leadership Skills,4,BSc,Film Technology - Graphics And Animation,,,,,malformed_table_verify_manually,UG 2024 BSC Film Technology Syllabus.pdf
2024,UMI24Y01L,My India Project,4,BSc,Film Technology - Graphics And Animation,,,,,malformed_table_verify_manually,UG 2024 BSC Film Technology Syllabus.pdf
2024,,L T,6,BSc,Film Technology - Graphics And Animation,,,,,malformed_table_verify_manually,UG 2024 BSC Film Technology Syllabus.pdf
2024,UFG24D07T,Animation Aesthetics,6,BSc,Film Technology - Graphics And Animation,,,,,malformed_table_verify_manually,UG 2024 BSC Film Technology Syllabus.pdf
2024,UFG24D08T,VFX Post Production Techniques,6,BSc,Film Technology - Graphics And Animation,,,,,malformed_table_verify_manually,UG 2024 BSC Film Technology Syllabus.pdf
2024,UFT24D09T,Digital Filmmaking,6,BSc,Film Technology - Graphics And Animation,,,,,malformed_table_verify_manually,UG 2024 BSC Film Technology Syllabus.pdf
2024,UFT24D10T,Documentary Filmmaking,6,BSc,Film Technology - Graphics And Animation,,,,,malformed_table_verify_manually,UG 2024 BSC Film Technology Syllabus.pdf
2024,,Minor Elective - V,6,BSc,Film Technology - Graphics And Animation,,,,,malformed_table_verify_manually,UG 2024 BSC Film Technology Syllabus.pdf
2024,,Minor Elective - VI,6,BSc,Film Technology - Graphics And Animation,,,,,malformed_table_verify_manually,UG 2024 BSC Film Technology Syllabus.pdf
2024,UFT24P03L,Project Work- Short Filmmaking,6,BSc,Film Technology - Graphics And Animation,,,,,malformed_table_verify_manually,UG 2024 BSC Film Technology Syllabus.pdf
2024,UCD24V02T,Universal Human Values,6,BSc,Film Technology - Graphics And Animation,,,,,malformed_table_verify_manually,UG 2024 BSC Film Technology Syllabus.pdf
